image,prediction
test-0.png,WNWA
test-1.png,HS5H
test-10.png,KH6
test-100.png,C5ZWH
test-1000.png,NQHV
test-1001.png,R6RN
test-1002.png,KN67
test-1003.png,9W2P
test-1004.png,H5HZ
test-1005.png,HHK
test-1006.png,EHHB
test-1007.png,ZM8U
test-1008.png,WZWS
test-1009.png,WNHM3
test-101.png,3NHK
test-1010.png,WM3W
test-1011.png,43E5
test-1012.png,4WBK
test-1013.png,PWHK
test-1014.png,2W55
test-1015.png,6KPD
test-1016.png,HH5Y
test-1017.png,WWM5
test-1018.png,HGHEH
test-1019.png,B5WS
test-102.png,MP6C
test-1020.png,UNHB
test-1021.png,3W5J
test-1022.png,HZHY
test-1023.png,ZHHT
test-1024.png,XW8W
test-1025.png,DERNN
test-1026.png,HFZNT
test-1027.png,WQK
test-1028.png,E2B9
test-1029.png,BWZ3
test-103.png,DPHNM
test-1030.png,JNBHF
test-1031.png,ZNH
test-1032.png,UNNG
test-1033.png,U9WR
test-1034.png,XWZH
test-1035.png,6WNP
test-1036.png,6ED5
test-1037.png,HWW
test-1038.png,MSHH
test-1039.png,GRWB
test-104.png,MWST
test-1040.png,N6GT
test-1041.png,NGMH
test-1042.png,RHG2
test-1043.png,R5HG3
test-1044.png,ZUHN
test-1045.png,6HWZ
test-1046.png,ZHY
test-1047.png,DVRM9
test-1048.png,NRZM
test-1049.png,MHHNR
test-105.png,H5WW
test-1050.png,WW6K
test-1051.png,5MWQ
test-1052.png,MB5C
test-1053.png,M6
test-1054.png,MNNW
test-1055.png,9HPP
test-1056.png,WSA
test-1057.png,HEMH7
test-1058.png,R563
test-1059.png,8WTF
test-106.png,AS6W
test-1060.png,NPHH
test-1061.png,MWNB
test-1062.png,H88GU
test-1063.png,4W3K
test-1064.png,WCH
test-1065.png,H35Z
test-1066.png,NHDH
test-1067.png,WHVX
test-1068.png,HP39
test-1069.png,MS3
test-107.png,35ND
test-1070.png,5ZP
test-1071.png,H5ZNE
test-1072.png,HWMG
test-1073.png,5PS3
test-1074.png,S53K
test-1075.png,HPHX
test-1076.png,HVDSV
test-1077.png,MWGZ
test-1078.png,6WPT
test-1079.png,ZH5T
test-108.png,MRHU
test-1080.png,UCH5
test-1081.png,AW4K
test-1082.png,BMWBD
test-1083.png,9ZWK
test-1084.png,WCW5
test-1085.png,M9SA
test-1086.png,MGSH
test-1087.png,FWP4
test-1088.png,WPB7
test-1089.png,6ZG9
test-109.png,M3HH
test-1090.png,6HB9
test-1091.png,D5
test-1092.png,NBW3
test-1093.png,EEH
test-1094.png,3BW5
test-1095.png,S6BN
test-1096.png,6E5H
test-1097.png,RWK
test-1098.png,HNHY
test-1099.png,BHM
test-11.png,6MWH
test-110.png,H5H
test-1100.png,WHNX
test-1101.png,W95
test-1102.png,M7W6
test-1103.png,5RWH
test-1104.png,RHT
test-1105.png,P5ND
test-1106.png,SDWH
test-1107.png,D2WK
test-1108.png,3REHZ
test-1109.png,ZWQ5H
test-111.png,H556
test-1110.png,GWW5
test-1111.png,6RW6
test-1112.png,8WATZ
test-1113.png,HWG
test-1114.png,HHE5
test-1115.png,WKAWK
test-1116.png,Z92M
test-1117.png,NWNBE
test-1118.png,5N5J
test-1119.png,R3WP
test-112.png,3JRH
test-1120.png,PD9D
test-1121.png,BNE6
test-1122.png,M6GJ
test-1123.png,7H5X
test-1124.png,ZGW4
test-1125.png,WWWP
test-1126.png,PWEH
test-1127.png,ZHH
test-1128.png,BBW6
test-1129.png,WAZY
test-113.png,6XET
test-1130.png,WJK
test-1131.png,UCQT
test-1132.png,MNW2
test-1133.png,4W2H
test-1134.png,55JR
test-1135.png,WHH
test-1136.png,CW53
test-1137.png,MRH6
test-1138.png,RKSM
test-1139.png,SBPEX
test-114.png,W6RK
test-1140.png,HRRH
test-1141.png,SWZ
test-1142.png,WNN
test-1143.png,3N5H
test-1144.png,SP8Z
test-1145.png,7P3T
test-1146.png,MH5K
test-1147.png,PMMM
test-1148.png,U84
test-1149.png,ERWK
test-115.png,KHNH
test-1150.png,JRHK
test-1151.png,B6HJ
test-1152.png,WBHG
test-1153.png,HRHW
test-1154.png,S5P5J
test-1155.png,HPUH
test-1156.png,HWBR
test-1157.png,HB89
test-1158.png,KNP7
test-1159.png,P6WP5
test-116.png,7H23
test-1160.png,NBGK
test-1161.png,HWMHF
test-1162.png,RDHF
test-1163.png,6HM
test-1164.png,HCHH
test-1165.png,SWGP
test-1166.png,ZHH9P
test-1167.png,BG
test-1168.png,3EBN
test-1169.png,3B97
test-117.png,8HD6
test-1170.png,HP5
test-1171.png,NNHWG
test-1172.png,CWHU
test-1173.png,W8GH
test-1174.png,H6PP
test-1175.png,HERX
test-1176.png,EWXJ
test-1177.png,38WV
test-1178.png,XWNK
test-1179.png,SWHW
test-118.png,2N3
test-1180.png,6BWG
test-1181.png,55RN
test-1182.png,XW9RH
test-1183.png,3WRJ
test-1184.png,33WJ
test-1185.png,RHWB
test-1186.png,W3M5
test-1187.png,6WQNE
test-1188.png,PHZC
test-1189.png,2W5W5
test-119.png,NW5
test-1190.png,HHNC7
test-1191.png,HMZ
test-1192.png,9RK3
test-1193.png,6NWW
test-1194.png,MWG
test-1195.png,R28Z
test-1196.png,BMPK
test-1197.png,ZG5
test-1198.png,MWE3
test-1199.png,8W2BH
test-12.png,D3M34
test-120.png,WRGA
test-1200.png,UHN5
test-1201.png,BWR24
test-1202.png,MNP
test-1203.png,KNWHE
test-1204.png,DNPC
test-1205.png,YGPH
test-1206.png,DHU9
test-1207.png,HRSF
test-1208.png,HRWH
test-1209.png,ZNMRN6
test-121.png,UHX
test-1210.png,GMHMN
test-1211.png,MS2G
test-1212.png,GWHM
test-1213.png,4G5
test-1214.png,UQNRE
test-1215.png,RWUK
test-1216.png,ZNMZ
test-1217.png,MW59
test-1218.png,M7WH
test-1219.png,SREH
test-122.png,QZ85
test-1220.png,ZGSH
test-1221.png,NWPT
test-1222.png,WGZHN
test-1223.png,6DH5H
test-1224.png,WCSC
test-1225.png,NNHP
test-1226.png,WNRT
test-1227.png,NG2MH
test-1228.png,HXDNR
test-1229.png,MNM2D
test-123.png,KGWK7
test-1230.png,EW6
test-1231.png,H5U
test-1232.png,T655
test-1233.png,NHH
test-1234.png,KWW
test-1235.png,M69ZY
test-1236.png,KW5H
test-1237.png,ZBNC
test-1238.png,NBDA
test-1239.png,ANP6
test-124.png,9NQ2
test-1240.png,XHH
test-1241.png,SW6
test-1242.png,36Z7
test-1243.png,QMWZ
test-1244.png,GDPV
test-1245.png,H6HC
test-1246.png,WBSX
test-1247.png,J5N
test-1248.png,BPHSF
test-1249.png,BNZ4
test-125.png,6WHN
test-1250.png,35MWZ
test-1251.png,U5NB
test-1252.png,HWP7
test-1253.png,HWUT
test-1254.png,6KQK
test-1255.png,3QHUF
test-1256.png,WEZX
test-1257.png,XKHWG
test-1258.png,8NM3F
test-1259.png,WRWG
test-126.png,68P5
test-1260.png,9234
test-1261.png,3SW3
test-1262.png,M5BB
test-1263.png,GPDMU
test-1264.png,9WNN
test-1265.png,HWHMZ
test-1266.png,QWR
test-1267.png,W5SG
test-1268.png,B3ZZ
test-1269.png,WWDB
test-127.png,MHH
test-1270.png,6WG5
test-1271.png,5WGGC
test-1272.png,CRZT
test-1273.png,RHH5
test-1274.png,HWWH
test-1275.png,SBS2
test-1276.png,UR93
test-1277.png,9PCK
test-1278.png,BNNK
test-1279.png,WWNHU
test-128.png,B59
test-1280.png,PSYH
test-1281.png,N5C
test-1282.png,6BH54
test-1283.png,HSHH
test-1284.png,MBH9H
test-1285.png,B8894
test-1286.png,P8WX
test-1287.png,MMWX
test-1288.png,H8WDP
test-1289.png,PXQB
test-129.png,Q5N
test-1290.png,EWQK
test-1291.png,WFHU6
test-1292.png,ERWDZ
test-1293.png,SHYZ
test-1294.png,2PSM
test-1295.png,UWM3
test-1296.png,CB6GC
test-1297.png,RHTJ
test-1298.png,R5PA
test-1299.png,4WWB
test-13.png,NWBG
test-130.png,5WG6
test-1300.png,9RR3
test-1301.png,UPRR
test-1302.png,ZHPR
test-1303.png,WHP34
test-1304.png,UHM5
test-1305.png,6VK6
test-1306.png,5RM
test-1307.png,K56E7
test-1308.png,N6H9J
test-1309.png,35D
test-131.png,KWC
test-1310.png,6HNN
test-1311.png,RPWJ
test-1312.png,H5NPH
test-1313.png,M5N6
test-1314.png,8RSH
test-1315.png,6GHM
test-1316.png,NN
test-1317.png,6EWEJ
test-1318.png,QXD
test-1319.png,MZBF
test-132.png,PHH
test-1320.png,AWNK
test-1321.png,N2Q3
test-1322.png,RMPU
test-1323.png,5HSK
test-1324.png,UHW34
test-1325.png,PAHR
test-1326.png,WGHN
test-1327.png,SWBN
test-1328.png,8HNY
test-1329.png,PNHA
test-133.png,J5HN
test-1330.png,RR65
test-1331.png,NQNM
test-1332.png,RWHN
test-1333.png,B5RM
test-1334.png,MMH6
test-1335.png,HBWS
test-1336.png,RNZC
test-1337.png,UNNE
test-1338.png,NGNC
test-1339.png,XGVB
test-134.png,JSW6U
test-1340.png,NPG
test-1341.png,5B2F
test-1342.png,PW5Z
test-1343.png,WMWPH
test-1344.png,P56
test-1345.png,XHWH
test-1346.png,HMW6
test-1347.png,PHH
test-1348.png,6WM8
test-1349.png,CMX
test-135.png,NWHJ
test-1350.png,9HDHF
test-1351.png,MPWH
test-1352.png,3C55
test-1353.png,2G9HC
test-1354.png,EDR5
test-1355.png,SWBK
test-1356.png,BZ39
test-1357.png,2WBNK
test-1358.png,5NWPH
test-1359.png,HN5X
test-136.png,WEDM
test-1360.png,NS4G
test-1361.png,6ZW4
test-1362.png,BEPK
test-1363.png,SHEB2
test-1364.png,V88
test-1365.png,4WE5
test-1366.png,W6WH
test-1367.png,WGN
test-1368.png,D35BH
test-1369.png,GBWH
test-137.png,RWNM
test-1370.png,SW8PV
test-1371.png,KWPW
test-1372.png,ZSH5
test-1373.png,GHDC
test-1374.png,HW2RK
test-1375.png,HMN
test-1376.png,G5BW9
test-1377.png,WWXE
test-1378.png,GNR
test-1379.png,BW8F
test-138.png,UPH69
test-1380.png,HWYF
test-1381.png,ZDH3
test-1382.png,NPW3
test-1383.png,5HB3
test-1384.png,THHC
test-1385.png,NW2D
test-1386.png,UB5J
test-1387.png,4MW3X
test-1388.png,KNBN
test-1389.png,KS5F
test-139.png,4WB6
test-1390.png,MNW9
test-1391.png,RGWP5
test-1392.png,5VG
test-1393.png,B8EH
test-1394.png,ZMW7
test-1395.png,65SHF
test-1396.png,GWPN
test-1397.png,HZBK
test-1398.png,GW9QK
test-1399.png,6DHNV
test-14.png,WN9E
test-140.png,J6S
test-1400.png,BXHK
test-1401.png,QHDK
test-1402.png,WWB6
test-1403.png,RWH6
test-1404.png,D2WS5
test-1405.png,PWEU
test-1406.png,WBUG3
test-1407.png,ZNCY
test-1408.png,5WH6
test-1409.png,HM53
test-141.png,QPHF
test-1410.png,PN62Z
test-1411.png,26H
test-1412.png,NEH9
test-1413.png,UH5
test-1414.png,2PP
test-1415.png,UW
test-1416.png,ZW2N
test-1417.png,9HHHP
test-1418.png,5577
test-1419.png,E555H
test-142.png,3WGZ
test-1420.png,WGH
test-1421.png,ZMZ
test-1422.png,WW2J
test-1423.png,NUZGW
test-1424.png,6DWN
test-1425.png,WBP69
test-1426.png,K6H3
test-1427.png,3C5S
test-1428.png,WW5Z
test-1429.png,KWK
test-143.png,WWDJ
test-1430.png,WG5H
test-1431.png,5WHB
test-1432.png,W5B5
test-1433.png,56NV
test-1434.png,JSHM
test-1435.png,YWNV
test-1436.png,U5P5
test-1437.png,HW5M
test-1438.png,BEHH
test-1439.png,WE5H
test-144.png,MRDZ
test-1440.png,5M8U
test-1441.png,WEWF
test-1442.png,WWN5
test-1443.png,95D9
test-1444.png,H699J
test-1445.png,NN5
test-1446.png,NHH6
test-1447.png,NBWH
test-1448.png,WB84
test-1449.png,5HM
test-145.png,AWBHF
test-1450.png,RD9
test-1451.png,BGDK
test-1452.png,PMNW37
test-1453.png,WEN6
test-1454.png,8NNEH
test-1455.png,PH9V
test-1456.png,3XNP
test-1457.png,HRBP
test-1458.png,E655
test-1459.png,9PMU
test-146.png,C35
test-1460.png,P5559
test-1461.png,QHWB
test-1462.png,35Y
test-1463.png,PH
test-1464.png,SH8N
test-1465.png,5WEZ7
test-1466.png,NDPG
test-1467.png,GDHBH
test-1468.png,PRM7
test-1469.png,RP5S
test-147.png,NWNP
test-1470.png,3GGK
test-1471.png,89HC
test-1472.png,RPM9
test-1473.png,BMWK
test-1474.png,PWHG
test-1475.png,BNHN
test-1476.png,RW2
test-1477.png,7XNWN
test-1478.png,Z3SH
test-1479.png,HQW5E
test-148.png,NW5N
test-1480.png,HHC
test-1481.png,HRMF
test-1482.png,7WNK
test-1483.png,SQWR9
test-1484.png,SMDG
test-1485.png,66GQ
test-1486.png,BQWC
test-1487.png,Q254
test-1488.png,JBZHD
test-1489.png,6HHA
test-149.png,62XK
test-1490.png,NMWP
test-1491.png,DNHEH
test-1492.png,CAWG
test-1493.png,WW55
test-1494.png,263P6
test-1495.png,SSEH
test-1496.png,N3WK
test-1497.png,9U3N
test-1498.png,U5PH
test-1499.png,PMWUE
test-15.png,QDENZ
test-150.png,PRWH
test-1500.png,NH5P
test-1501.png,W6PZ
test-1502.png,HH5N
test-1503.png,HSWY
test-1504.png,JBHC
test-1505.png,ZKWW
test-1506.png,NB563
test-1507.png,P8WY
test-1508.png,48BZN
test-1509.png,W9H
test-151.png,5G3P
test-1510.png,HEB3
test-1511.png,36WR
test-1512.png,WHP
test-1513.png,HBBPJ
test-1514.png,K5H5
test-1515.png,CZ6H
test-1516.png,PHY
test-1517.png,9WHH
test-1518.png,2N94
test-1519.png,4SY
test-152.png,KE5D
test-1520.png,B5H
test-1521.png,CWNHB
test-1522.png,6DWN
test-1523.png,6WBPH
test-1524.png,BRHF
test-1525.png,588M
test-1526.png,XW6
test-1527.png,RWA
test-1528.png,R5W9
test-1529.png,5BWNC
test-153.png,AEWQ
test-1530.png,HNW7
test-1531.png,UBWQ
test-1532.png,KW3HH
test-1533.png,EWHG
test-1534.png,JCHP
test-1535.png,36BH
test-1536.png,4BWE5
test-1537.png,GNN5
test-1538.png,WHY
test-1539.png,6WNZ
test-154.png,9SPWU
test-1540.png,H6RH
test-1541.png,3EMN
test-1542.png,NHNN
test-1543.png,SWW6T
test-1544.png,M5G5
test-1545.png,H5WN5
test-1546.png,RBRQ
test-1547.png,NQHQ
test-1548.png,P5B
test-1549.png,NWNH
test-155.png,5PHY
test-1550.png,WQW5
test-1551.png,9HC9
test-1552.png,JGE
test-1553.png,466HU
test-1554.png,RSMHJ
test-1555.png,HBSD
test-1556.png,4RBS
test-1557.png,HBWK
test-1558.png,ZHDHZ
test-1559.png,RP54
test-156.png,XRNN
test-1560.png,3WWH
test-1561.png,K9HB
test-1562.png,HNCT
test-1563.png,J6WQ
test-1564.png,62BH
test-1565.png,6EHNZ
test-1566.png,NHBS
test-1567.png,X8MN
test-1568.png,2NHK
test-1569.png,NQ9A
test-157.png,69HNZ
test-1570.png,HWHT
test-1571.png,MUB6
test-1572.png,N59WZ
test-1573.png,JMNW
test-1574.png,2BWB
test-1575.png,36RX
test-1576.png,6UMWZ
test-1577.png,MHP
test-1578.png,PDW5C
test-1579.png,P5J
test-158.png,6PRA
test-1580.png,ZW6
test-1581.png,B333
test-1582.png,KBBU
test-1583.png,AWN4X
test-1584.png,XRWW
test-1585.png,MRNHH
test-1586.png,6ZB
test-1587.png,RMNG
test-1588.png,5G2N
test-1589.png,WNNN
test-159.png,NW9X
test-1590.png,WGWP
test-1591.png,HBSW5
test-1592.png,X6K
test-1593.png,HSB
test-1594.png,JW9
test-1595.png,66N5
test-1596.png,NNHNH
test-1597.png,MHJS
test-1598.png,95S5
test-1599.png,BW94
test-16.png,UQWPW
test-160.png,4WBX
test-1600.png,BZM7
test-1601.png,26S7
test-1602.png,HHEDV
test-1603.png,FH5
test-1604.png,NWBF
test-1605.png,P2UE
test-1606.png,HGNM34
test-1607.png,R9H5
test-1608.png,ZNWC
test-1609.png,WR5D
test-161.png,B5K
test-1610.png,HW55
test-1611.png,8NKK
test-1612.png,BMWBH
test-1613.png,6889J
test-1614.png,DSZ3
test-1615.png,H5WB
test-1616.png,95SWQ
test-1617.png,35N5
test-1618.png,4HH5
test-1619.png,EHNP5
test-162.png,4BZHJ
test-1620.png,U8HGF
test-1621.png,WQWC5
test-1622.png,3H97
test-1623.png,HWNN
test-1624.png,AW5P
test-1625.png,9WN6
test-1626.png,A5XA
test-1627.png,KH5N
test-1628.png,W63W
test-1629.png,3WBT
test-163.png,ZHEHH
test-1630.png,HZZQ
test-1631.png,E3D5
test-1632.png,P5W
test-1633.png,Y8N
test-1634.png,WZHH
test-1635.png,XUHG
test-1636.png,WGGP
test-1637.png,NK55J
test-1638.png,S5NRZ
test-1639.png,JHWB6
test-164.png,GNXH
test-1640.png,BNH
test-1641.png,BEPH
test-1642.png,ZH54
test-1643.png,5N9J
test-1644.png,G6SW
test-1645.png,SEBWU
test-1646.png,635P
test-1647.png,JMH53
test-1648.png,URHA
test-1649.png,QNWA
test-165.png,M6S5J
test-1650.png,DRFT
test-1651.png,HWN5
test-1652.png,HBENJ
test-1653.png,MHNH
test-1654.png,WQWG
test-1655.png,HBPMC
test-1656.png,NSEHP
test-1657.png,WDNH
test-1658.png,HPBK
test-1659.png,NHBS
test-166.png,9QNG
test-1660.png,RNRK
test-1661.png,6NMHJ
test-1662.png,MNUMN
test-1663.png,WNN
test-1664.png,WNQ
test-1665.png,8RNG9
test-1666.png,NWH3
test-1667.png,T2N3J
test-1668.png,49H
test-1669.png,GNEZ
test-167.png,5MG
test-1670.png,6H3ZT
test-1671.png,5WRH9
test-1672.png,BRHH
test-1673.png,95SRK
test-1674.png,W6G
test-1675.png,9MBM
test-1676.png,J6H54
test-1677.png,6E9HV
test-1678.png,QR8HE
test-1679.png,5WNDT
test-168.png,3NWP
test-1680.png,MQWM
test-1681.png,HWM94
test-1682.png,4DZNX
test-1683.png,E5ZDH
test-1684.png,RWEH
test-1685.png,CHGW
test-1686.png,35H
test-1687.png,JWNP
test-1688.png,BWWJ
test-1689.png,WGGPH
test-169.png,HR6N
test-1690.png,MZWN
test-1691.png,WMHJ
test-1692.png,BWC6
test-1693.png,6CWHK
test-1694.png,6DH5
test-1695.png,DG77
test-1696.png,WWWFT
test-1697.png,J2NY
test-1698.png,WHNA
test-1699.png,WHMA
test-17.png,SPN
test-170.png,WHMN
test-1700.png,6NHP
test-1701.png,RH8B
test-1702.png,GWW
test-1703.png,BWN4
test-1704.png,4NH5
test-1705.png,A555
test-1706.png,4N29
test-1707.png,N66F
test-1708.png,9WC
test-1709.png,MPG7
test-171.png,9N6
test-1710.png,GHZK
test-1711.png,NMWC
test-1712.png,AM7
test-1713.png,U2R63
test-1714.png,PWH
test-1715.png,6WHJ
test-1716.png,8PHCV
test-1717.png,MHKZ
test-1718.png,Z5WP
test-1719.png,WSJEU
test-172.png,WGGK
test-1720.png,8B6WN
test-1721.png,N6B3
test-1722.png,SBEHN
test-1723.png,HPCPH
test-1724.png,ZP5HH
test-1725.png,9WD
test-1726.png,JRHB
test-1727.png,M5WN3
test-1728.png,2NNH
test-1729.png,BQRZ
test-173.png,MWWEH
test-1730.png,N2SN
test-1731.png,UNR5
test-1732.png,4RGH
test-1733.png,6GWE
test-1734.png,NBWB
test-1735.png,H5M5
test-1736.png,WNQH
test-1737.png,ZCD5
test-1738.png,6NWRJ
test-1739.png,55NZ7
test-174.png,HHWN
test-1740.png,XMH
test-1741.png,QWP5
test-1742.png,M2BG
test-1743.png,SWCWX
test-1744.png,YRPQ
test-1745.png,QWWK
test-1746.png,SPZZ
test-1747.png,E6PV
test-1748.png,W2HW
test-1749.png,926
test-175.png,UMG5
test-1750.png,QN3G
test-1751.png,RBWNC
test-1752.png,MW3
test-1753.png,5HB3
test-1754.png,5NP5
test-1755.png,385WK
test-1756.png,HWNZ
test-1757.png,WG3G
test-1758.png,MWHK
test-1759.png,W5WHMK
test-176.png,MWSP
test-1760.png,XGNG
test-1761.png,HHND
test-1762.png,MSRH
test-1763.png,GBE4
test-1764.png,HW9G
test-1765.png,SGNZ
test-1766.png,PN92E
test-1767.png,4WH
test-1768.png,99Z
test-1769.png,4R5Y
test-177.png,2GNH
test-1770.png,BEHP
test-1771.png,RNWB
test-1772.png,ZWNC
test-1773.png,M9BGF
test-1774.png,MWJ
test-1775.png,WWN6
test-1776.png,PNDW
test-1777.png,9RWC
test-1778.png,266P
test-1779.png,2NP8B
test-178.png,G6BH
test-1780.png,WAGC
test-1781.png,M5NM
test-1782.png,9NDZ
test-1783.png,NW5
test-1784.png,HWMWH
test-1785.png,9MNK
test-1786.png,A5PH
test-1787.png,HR55
test-1788.png,WDP3
test-1789.png,92HW
test-179.png,WNMU
test-1790.png,5WE
test-1791.png,H5K7
test-1792.png,RWG
test-1793.png,JRWRC
test-1794.png,5NWJU
test-1795.png,R5A
test-1796.png,2HPSK
test-1797.png,H55X
test-1798.png,4BWK
test-1799.png,PEHH
test-18.png,BH5H
test-180.png,NS4
test-1800.png,EG5
test-1801.png,UUU
test-1802.png,4W2C
test-1803.png,3HNK
test-1804.png,3UA5
test-1805.png,N2HMK
test-1806.png,8NW
test-1807.png,WWHQ
test-1808.png,5HU3
test-1809.png,3R3EH
test-181.png,ZP99
test-1810.png,7NWN
test-1811.png,NEC5
test-1812.png,6MN
test-1813.png,KSWZ
test-1814.png,EHZ97
test-1815.png,NW98
test-1816.png,CRWM
test-1817.png,3WRR
test-1818.png,WDFX
test-1819.png,9BRH
test-182.png,MWQHD
test-1820.png,ZRPB3
test-1821.png,8WPJ
test-1822.png,6MK
test-1823.png,MWMWP
test-1824.png,HRJJ
test-1825.png,5N6N
test-1826.png,N595
test-1827.png,CB5Z
test-1828.png,KWZN
test-1829.png,AWNRZ
test-183.png,W5M2
test-1830.png,3BX
test-1831.png,HGP4
test-1832.png,ZNWG
test-1833.png,UHSH
test-1834.png,BCHS
test-1835.png,RDQNMY
test-1836.png,5NWQWK
test-1837.png,8553J
test-1838.png,MPHN5
test-1839.png,JBEN
test-184.png,PUNR
test-1840.png,55W5F
test-1841.png,PWGF
test-1842.png,KEDME
test-1843.png,HWHH
test-1844.png,NCWP
test-1845.png,6556
test-1846.png,UH5H
test-1847.png,6HY
test-1848.png,MUWH
test-1849.png,CWV
test-185.png,HB2SD
test-1850.png,XSHK
test-1851.png,UNM
test-1852.png,RMZ
test-1853.png,NG
test-1854.png,4KWK
test-1855.png,3RBB
test-1856.png,MW52T
test-1857.png,A655
test-1858.png,WHH5
test-1859.png,J6GWV
test-186.png,ZUH5
test-1860.png,RMRSE
test-1861.png,NRHP
test-1862.png,W282
test-1863.png,4NHM
test-1864.png,5HN
test-1865.png,H5GX
test-1866.png,56HU
test-1867.png,HH5
test-1868.png,M5RN
test-1869.png,V3R6
test-187.png,RUPK
test-1870.png,MZB
test-1871.png,MSHB
test-1872.png,4WM5
test-1873.png,NHH3
test-1874.png,NGHWZ
test-1875.png,HWM
test-1876.png,WQHA3
test-1877.png,RWHW
test-1878.png,HX5
test-1879.png,WDEK
test-188.png,WWPH
test-1880.png,5NW5
test-1881.png,BQHNG
test-1882.png,RD33
test-1883.png,NSW9Z
test-1884.png,6RPD
test-1885.png,SWZHH
test-1886.png,NENK
test-1887.png,MRRH
test-1888.png,QRF3Z
test-1889.png,SWUH
test-189.png,N96K
test-1890.png,RWQ3
test-1891.png,WP5G
test-1892.png,2N5H
test-1893.png,2Z3
test-1894.png,XHNEC
test-1895.png,3MM
test-1896.png,495KY
test-1897.png,BSMK
test-1898.png,XMHT
test-1899.png,KNNH
test-19.png,M6ZN
test-190.png,WPHT
test-1900.png,HHQHS
test-1901.png,5BE3
test-1902.png,6MN5
test-1903.png,RWU7
test-1904.png,MGZE
test-1905.png,RWYK
test-1906.png,X5GZZ
test-1907.png,6SM6
test-1908.png,T9BV
test-1909.png,MDHH
test-191.png,H59N
test-1910.png,RKNWN
test-1911.png,JPSP
test-1912.png,H6QY
test-1913.png,6WVZF
test-1914.png,357
test-1915.png,A6KC
test-1916.png,EQN9
test-1917.png,HW54
test-1918.png,NWC7
test-1919.png,JW59
test-192.png,R2P3
test-1920.png,BWMU
test-1921.png,MPYX
test-1922.png,4W65
test-1923.png,HC6PH
test-1924.png,H6WK
test-1925.png,WWMH
test-1926.png,6MWW
test-1927.png,WWN5U
test-1928.png,HNWW
test-1929.png,3ZUN
test-193.png,GHAV
test-1930.png,9HHZ
test-1931.png,5S2G
test-1932.png,25E
test-1933.png,WB
test-1934.png,DHBWC
test-1935.png,WDMU
test-1936.png,HWHH
test-1937.png,XSWGY
test-1938.png,VZHNK
test-1939.png,HFDA
test-194.png,A5WN
test-1940.png,HRN5
test-1941.png,5B55A
test-1942.png,NHP7
test-1943.png,ZDBH
test-1944.png,BWWG
test-1945.png,MRP
test-1946.png,4GH6
test-1947.png,N3WK
test-1948.png,SGH3
test-1949.png,WB5
test-195.png,5WZ
test-1950.png,SNHE
test-1951.png,85NQ
test-1952.png,5GNS
test-1953.png,WMHN
test-1954.png,6H
test-1955.png,AMK7
test-1956.png,ND5X
test-1957.png,T6B5
test-1958.png,P5UJ
test-1959.png,55A
test-196.png,RDS5
test-1960.png,WNBEH
test-1961.png,MNH9
test-1962.png,NV52
test-1963.png,RPGH
test-1964.png,8RWHC
test-1965.png,5G5Z
test-1966.png,4MNN
test-1967.png,M5KA
test-1968.png,8QWK
test-1969.png,6WHZ
test-197.png,GHN6
test-1970.png,5W3HB
test-1971.png,WRDG
test-1972.png,PMWRA
test-1973.png,ZS6Z
test-1974.png,BW6FH
test-1975.png,UHWPH
test-1976.png,NPG9
test-1977.png,CNW5
test-1978.png,NYNJ
test-1979.png,B9NX3
test-198.png,R9WW
test-1980.png,NWBF
test-1981.png,RVWBW
test-1982.png,MXERU
test-1983.png,5HCA
test-1984.png,HMNMA
test-1985.png,HWW
test-1986.png,9EHA
test-1987.png,SW63
test-1988.png,ZEHBU
test-1989.png,UHM6E
test-199.png,SDEPH
test-1990.png,W8BHG
test-1991.png,WBH5
test-1992.png,HWPRK
test-1993.png,YWNX
test-1994.png,BW6X
test-1995.png,P2DZ
test-1996.png,CWH5
test-1997.png,WRZY
test-1998.png,4388
test-1999.png,S5RH
test-2.png,W2WN
test-20.png,PE5A
test-200.png,QPW63
test-2000.png,BWP
test-2001.png,UN5
test-2002.png,EUH7
test-2003.png,JX9WC
test-2004.png,7ZMWN
test-2005.png,Z6CNK
test-2006.png,RSDK
test-2007.png,NBWGJ
test-2008.png,TPW5
test-2009.png,UH8V
test-201.png,KSNF
test-2010.png,7HN
test-2011.png,5RWG
test-2012.png,UBZ
test-2013.png,HEGRH
test-2014.png,HPNWEH
test-2015.png,5W34
test-2016.png,HZSA
test-2017.png,J9AGZ
test-2018.png,3WDY
test-2019.png,5MW3
test-202.png,3G3G4
test-2020.png,WPH
test-2021.png,UWW69
test-2022.png,NHK7
test-2023.png,W9
test-2024.png,2H9HE
test-2025.png,NNMJ
test-2026.png,MP5FH
test-2027.png,6GR
test-2028.png,RMHK
test-2029.png,9WGRB
test-203.png,EMZT
test-2030.png,RR6T
test-2031.png,BE45B
test-2032.png,CW5
test-2033.png,6R5
test-2034.png,WH5T
test-2035.png,33NN
test-2036.png,UKM2
test-2037.png,46SN
test-2038.png,3GZM
test-2039.png,7HPK
test-204.png,JNA
test-2040.png,RCA7
test-2041.png,RGZV
test-2042.png,3H6Z
test-2043.png,GP59
test-2044.png,PQHMN
test-2045.png,5H5
test-2046.png,MWW
test-2047.png,HMWUJ
test-2048.png,9XWA
test-2049.png,SN2R
test-205.png,MHBWD
test-2050.png,6659
test-2051.png,MWW2Z
test-2052.png,5NHM
test-2053.png,HNC
test-2054.png,DQHAX
test-2055.png,HC
test-2056.png,9W55
test-2057.png,8E5Y
test-2058.png,RHBA
test-2059.png,4W6N
test-206.png,9BNK
test-2060.png,RNHC
test-2061.png,5W
test-2062.png,4EWH
test-2063.png,955
test-2064.png,R4H5J
test-2065.png,E55Z
test-2066.png,RH3W6
test-2067.png,5BH
test-2068.png,JUWY
test-2069.png,MHP553
test-207.png,2GW5E
test-2070.png,WGT
test-2071.png,XNWK
test-2072.png,TGS5
test-2073.png,NHH6
test-2074.png,DHWM
test-2075.png,SN6F
test-2076.png,Z66K
test-2077.png,SNW6F
test-2078.png,WCPC
test-2079.png,JNHRH
test-208.png,X55U
test-2080.png,KNHU
test-2081.png,4NM
test-2082.png,K3NN
test-2083.png,NRHG
test-2084.png,4RDQH
test-2085.png,WP
test-2086.png,MWH
test-2087.png,PWBZ
test-2088.png,5J5K
test-2089.png,8WRH
test-209.png,SH9C
test-2090.png,S9BA
test-2091.png,XWUU
test-2092.png,ZUS
test-2093.png,NMRWG
test-2094.png,5GWJ
test-2095.png,PNP5
test-2096.png,HBSN
test-2097.png,AWH2T
test-2098.png,B5ANQ
test-2099.png,6UHM
test-21.png,4EGR
test-210.png,ECW5
test-2100.png,2EGK
test-2101.png,HWGH
test-2102.png,SWSH
test-2103.png,46H
test-2104.png,W6EH
test-2105.png,URNU
test-2106.png,JWZM
test-2107.png,W9WX
test-2108.png,XNWK
test-2109.png,BG2H9
test-211.png,HWDHJ
test-2110.png,ZH58A
test-2111.png,RRW3
test-2112.png,H65T
test-2113.png,Z6GN3
test-2114.png,QNHG
test-2115.png,9RS4
test-2116.png,PB3V
test-2117.png,3NRK
test-2118.png,4WWC
test-2119.png,MZP6
test-212.png,2DHZ7
test-2120.png,EH83
test-2121.png,HUH9
test-2122.png,CHN
test-2123.png,RPHM
test-2124.png,PS8A
test-2125.png,KS5A
test-2126.png,6KWN
test-2127.png,6XWZQ
test-2128.png,DUR
test-2129.png,J26G
test-213.png,HWR5
test-2130.png,WPW5
test-2131.png,RUK
test-2132.png,HPMRH
test-2133.png,65MV
test-2134.png,6WZ
test-2135.png,NHBU
test-2136.png,6HEF
test-2137.png,E93E5
test-2138.png,WDHF
test-2139.png,6XHC
test-214.png,W686
test-2140.png,H2GM
test-2141.png,MWZU
test-2142.png,J9PJ
test-2143.png,WBEH
test-2144.png,SE9K
test-2145.png,PBSK
test-2146.png,G5ZP
test-2147.png,M5HF
test-2148.png,K2E
test-2149.png,ZWNT
test-215.png,ZWENT
test-2150.png,RWW
test-2151.png,HHEB6
test-2152.png,NWNB
test-2153.png,M9QH
test-2154.png,KNW9
test-2155.png,7RP4
test-2156.png,SQNZ
test-2157.png,H55J
test-2158.png,HGZHU
test-2159.png,9NWF
test-216.png,HWGK
test-2160.png,WSBEF
test-2161.png,HPHE
test-2162.png,HRRH
test-2163.png,WWHFH
test-2164.png,QHWNV
test-2165.png,PDYN
test-2166.png,EB93
test-2167.png,MNPH3
test-2168.png,NHC
test-2169.png,5Z5
test-217.png,B3HD
test-2170.png,H6W5J
test-2171.png,7B6Z
test-2172.png,RHHH5
test-2173.png,4WZA
test-2174.png,UXCRN
test-2175.png,6WPG
test-2176.png,5XHH
test-2177.png,U336
test-2178.png,6GHN
test-2179.png,HHGR
test-218.png,WEHR
test-2180.png,RBW6
test-2181.png,A55P
test-2182.png,36C54
test-2183.png,8EHUV
test-2184.png,KWM3
test-2185.png,RWNPH
test-2186.png,W3WG
test-2187.png,CNNX
test-2188.png,SPCCX
test-2189.png,6564
test-219.png,R9WP
test-2190.png,MWH
test-2191.png,WWNZ
test-2192.png,MHDA
test-2193.png,SP5N
test-2194.png,HBW6
test-2195.png,65W6
test-2196.png,HWNR
test-2197.png,HWH
test-2198.png,PWRH
test-2199.png,H2AJ
test-22.png,SBWT
test-220.png,XQNN
test-2200.png,K69V
test-2201.png,UGHY
test-2202.png,9SW5K
test-2203.png,S5WCX
test-2204.png,9QH6
test-2205.png,W6GHU
test-2206.png,SDP6
test-2207.png,EWSZ
test-2208.png,3DHNH
test-2209.png,RP5G53
test-221.png,ANE2
test-2210.png,JWPJ
test-2211.png,SH2F
test-2212.png,72HH
test-2213.png,BHH
test-2214.png,4W5
test-2215.png,CRN
test-2216.png,GZHW
test-2217.png,Z2CX
test-2218.png,XW5
test-2219.png,HW3
test-222.png,2HPBH
test-2220.png,8WRW
test-2221.png,NNM9X
test-2222.png,65WY
test-2223.png,RHNHK
test-2224.png,UNHK
test-2225.png,ZMBW
test-2226.png,VWHMJ
test-2227.png,25NW53
test-2228.png,P6WNX
test-2229.png,55WC
test-223.png,QPRP
test-2230.png,RMKJ
test-2231.png,H5ZT
test-2232.png,RWBA
test-2233.png,SRMW
test-2234.png,S8BWPH
test-2235.png,PGWBT
test-2236.png,656WZ
test-2237.png,NRWMH
test-2238.png,PBH
test-2239.png,HDNA
test-224.png,NN6K
test-2240.png,MENY
test-2241.png,BWPG
test-2242.png,WWSK
test-2243.png,W28Y
test-2244.png,955H
test-2245.png,HH2B
test-2246.png,WBWZ
test-2247.png,4BMC
test-2248.png,H6ED
test-2249.png,6GBF
test-225.png,3NK
test-2250.png,H6NZ
test-2251.png,2HBU
test-2252.png,HHV
test-2253.png,HZP6H
test-2254.png,NWNP
test-2255.png,UHHA
test-2256.png,HSSW
test-2257.png,HWNW6
test-2258.png,RNM
test-2259.png,ZMPC
test-226.png,HC6G
test-2260.png,H6HW5
test-2261.png,BWU
test-2262.png,5SZ5P
test-2263.png,WBK
test-2264.png,3HCH5
test-2265.png,59SWQ
test-2266.png,HR38D
test-2267.png,HG5WN
test-2268.png,H3KA
test-2269.png,C6W
test-227.png,NENZ
test-2270.png,HSER4
test-2271.png,HRH4
test-2272.png,P8RHK
test-2273.png,MMH2H
test-2274.png,MWWF
test-2275.png,6WW5
test-2276.png,K2ZT
test-2277.png,25N
test-2278.png,6WGX
test-2279.png,666W
test-228.png,HW5B
test-2280.png,6Z9Z
test-2281.png,2EW9
test-2282.png,46EN
test-2283.png,6WDZ
test-2284.png,HGWQU
test-2285.png,NWBNH
test-2286.png,SNHWE
test-2287.png,HGH
test-2288.png,2PHWC
test-2289.png,HWF
test-229.png,4NW9
test-2290.png,QUPZ
test-2291.png,UQN
test-2292.png,REHA4
test-2293.png,9E3R
test-2294.png,HDWX
test-2295.png,MPP5
test-2296.png,RRW5
test-2297.png,HBHW
test-2298.png,3WCP
test-2299.png,H8WVF
test-23.png,QHB
test-230.png,N66
test-2300.png,XCHB
test-2301.png,WH3
test-2302.png,XE5G
test-2303.png,H2
test-2304.png,AJH7
test-2305.png,ZNH3
test-2306.png,HHH6
test-2307.png,A6SJ
test-2308.png,BPN9
test-2309.png,55MG
test-231.png,WGWHH
test-2310.png,4MCH
test-2311.png,H5WQ
test-2312.png,WDWE
test-2313.png,B3DG
test-2314.png,RGHM
test-2315.png,3HT
test-2316.png,MUHWH
test-2317.png,RW5J
test-2318.png,NRRPH
test-2319.png,H56SU
test-232.png,7PPK
test-2320.png,EEMJ
test-2321.png,ZPHNG
test-2322.png,NZDH
test-2323.png,8WK
test-2324.png,HZ9
test-2325.png,H8WW
test-2326.png,R5WP
test-2327.png,GW3X
test-2328.png,MSST
test-2329.png,NN8W
test-233.png,CUN9
test-2330.png,BBWG
test-2331.png,E6P6
test-2332.png,MHK
test-2333.png,SH93
test-2334.png,X6WG
test-2335.png,ZWY
test-2336.png,KSH
test-2337.png,556F
test-2338.png,MNWH
test-2339.png,URWP
test-234.png,MHZ
test-2340.png,W6WK
test-2341.png,H6NF
test-2342.png,2DE
test-2343.png,MNWY
test-2344.png,6MB
test-2345.png,HBPU
test-2346.png,K6WK
test-2347.png,65WN6
test-2348.png,BDPA
test-2349.png,PNT
test-235.png,HMWC
test-2350.png,UDMC
test-2351.png,PDHWQ
test-2352.png,WW5N
test-2353.png,P8NBG
test-2354.png,3WWH
test-2355.png,NEBHK
test-2356.png,9HM
test-2357.png,HENMC
test-2358.png,4WWW
test-2359.png,JWHG
test-236.png,HG9
test-2360.png,3RJ
test-2361.png,EMW
test-2362.png,T5W2K
test-2363.png,6HK
test-2364.png,ZRAK
test-2365.png,WBBZ
test-2366.png,W5R9
test-2367.png,GDS9
test-2368.png,DHP4
test-2369.png,RWRF
test-237.png,HW5W
test-2370.png,EWNH
test-2371.png,M6MC
test-2372.png,HRHZ
test-2373.png,K9WZF
test-2374.png,AWWK
test-2375.png,MUM3TT
test-2376.png,N5HN
test-2377.png,BWSM
test-2378.png,KW66
test-2379.png,G96HT
test-238.png,SPBP
test-2380.png,W9H3
test-2381.png,3QWHU
test-2382.png,VWN
test-2383.png,WG3WH
test-2384.png,W6HT
test-2385.png,PWW
test-2386.png,MWZG
test-2387.png,6U9H
test-2388.png,PWE
test-2389.png,6PWWG
test-239.png,HWZP
test-2390.png,HGGHF
test-2391.png,UP67
test-2392.png,JQHH
test-2393.png,JRWZ
test-2394.png,W5H54
test-2395.png,XB67
test-2396.png,JGWUU
test-2397.png,WPNHG
test-2398.png,V3PRH
test-2399.png,JDEMN
test-24.png,SW6G
test-240.png,H5H3
test-2400.png,6A62
test-2401.png,HPP
test-2402.png,HG5KX
test-2403.png,MWC
test-2404.png,WHHK
test-2405.png,5C9NK
test-2406.png,HNV
test-2407.png,GSWG
test-2408.png,FEBDD
test-2409.png,35BW
test-241.png,KUMG
test-2410.png,R3WK
test-2411.png,MHDV
test-2412.png,WNJ9
test-2413.png,YMUH
test-2414.png,NKXG
test-2415.png,2PX5
test-2416.png,4ZHP
test-2417.png,UB4H
test-2418.png,NQZE
test-2419.png,PSS5
test-242.png,6HNM
test-2420.png,4GWH
test-2421.png,3HS4
test-2422.png,N2RF
test-2423.png,2H54
test-2424.png,R3NJ
test-2425.png,WW5
test-2426.png,SZHP
test-2427.png,4Z5N
test-2428.png,6QWG
test-2429.png,NZBP3
test-243.png,JBWNC
test-2430.png,PGMU
test-2431.png,H9RU
test-2432.png,4XN3
test-2433.png,H6HW
test-2434.png,PHWZ
test-2435.png,HW
test-2436.png,3HP5
test-2437.png,CWUB
test-2438.png,QWWB
test-2439.png,2DN5F
test-244.png,PHWH
test-2440.png,6NWK
test-2441.png,92NP
test-2442.png,M8W3
test-2443.png,2P554
test-2444.png,MNWH
test-2445.png,HWQE3
test-2446.png,2W9W
test-2447.png,BHB
test-2448.png,DW8H
test-2449.png,MWK
test-245.png,NHWW
test-2450.png,RWBN
test-2451.png,GS5
test-2452.png,HH
test-2453.png,BPEN
test-2454.png,GHGET
test-2455.png,JWG
test-2456.png,NWWT
test-2457.png,W2WNP
test-2458.png,BWH
test-2459.png,GNBH
test-246.png,HBHA
test-2460.png,YNGY
test-2461.png,AWGX
test-2462.png,P866H
test-2463.png,WBNN
test-2464.png,YAM
test-2465.png,3WNC
test-2466.png,MHNP
test-2467.png,33G
test-2468.png,MS2H
test-2469.png,6W5J
test-247.png,6D83
test-2470.png,NDZ3
test-2471.png,NHNE
test-2472.png,GPH5
test-2473.png,C55HT
test-2474.png,HWH
test-2475.png,9RGJ
test-2476.png,RMWN
test-2477.png,5MWY
test-2478.png,XRDY
test-2479.png,HWWZ7
test-248.png,HGZM
test-2480.png,H3NEH
test-2481.png,WBWG3
test-2482.png,R2NW
test-2483.png,HBRRB
test-2484.png,WRH5H
test-2485.png,RWME
test-2486.png,WH66
test-2487.png,UN5
test-2488.png,RK79
test-2489.png,ZBBE
test-249.png,ASRWW
test-2490.png,GPWN
test-2491.png,RHN
test-2492.png,9DSHY
test-2493.png,NS25
test-2494.png,NHWA
test-2495.png,MNF
test-2496.png,MWE5
test-2497.png,QRZE
test-2498.png,EKW5
test-2499.png,P5WY
test-25.png,PBNH
test-250.png,5UW
test-2500.png,9WGX
test-2501.png,WHRZ
test-2502.png,9GWM3
test-2503.png,WHNQK
test-2504.png,5P7
test-2505.png,MBH
test-2506.png,6WH
test-2507.png,WWA
test-2508.png,C58MK
test-2509.png,GWZ
test-251.png,H2DHJ
test-2510.png,NFX5
test-2511.png,9KH
test-2512.png,6QNX
test-2513.png,SRHR5
test-2514.png,XMWK
test-2515.png,YDNUM
test-2516.png,JBH5
test-2517.png,E2SK
test-2518.png,PW554
test-2519.png,36AV
test-252.png,W52J
test-2520.png,8GHT
test-2521.png,BBBD
test-2522.png,UW55
test-2523.png,WWHH
test-2524.png,MPRH
test-2525.png,M36
test-2526.png,WHS6H
test-2527.png,99MH
test-2528.png,MQP5H
test-2529.png,HGHX
test-253.png,5WZ
test-2530.png,SWB3U
test-2531.png,6W5M
test-2532.png,9WRNB
test-2533.png,PSMC
test-2534.png,WHK
test-2535.png,N665F
test-2536.png,WS5
test-2537.png,9WDK
test-2538.png,ZH5
test-2539.png,MSB
test-254.png,B565G
test-2540.png,ABHK
test-2541.png,PWR5
test-2542.png,ZNE9
test-2543.png,RHBB
test-2544.png,ZWR59
test-2545.png,HH5H
test-2546.png,HDM
test-2547.png,MDC
test-2548.png,WHWX
test-2549.png,YPHJ
test-255.png,PPWH5
test-2550.png,BXW5
test-2551.png,MW2A
test-2552.png,SS5Y
test-2553.png,RWN34
test-2554.png,GGE6
test-2555.png,HWM6
test-2556.png,PH3J
test-2557.png,Q5MW
test-2558.png,3GW5
test-2559.png,J58H
test-256.png,5WPJJ
test-2560.png,AWHH
test-2561.png,N5KX
test-2562.png,85NF
test-2563.png,WN6F
test-2564.png,NB2K
test-2565.png,4PHHF
test-2566.png,3RNN
test-2567.png,2NW5
test-2568.png,R3ZG3
test-2569.png,HGN
test-257.png,Z5EGA
test-2570.png,FWWK
test-2571.png,6WFWZ
test-2572.png,A3W9X
test-2573.png,HBW6
test-2574.png,MD6E
test-2575.png,WWFPH
test-2576.png,3WBK
test-2577.png,95ZH
test-2578.png,35DA
test-2579.png,5EM8H
test-258.png,9WWX
test-2580.png,QHN
test-2581.png,M6HH
test-2582.png,UEW6
test-2583.png,MBWW
test-2584.png,WRZ6N
test-2585.png,KHRPP
test-2586.png,HBW5
test-2587.png,6HW7
test-2588.png,JDE5ZU
test-2589.png,VR5K
test-259.png,WNHZ
test-2590.png,MUHWH
test-2591.png,5HRE
test-2592.png,H8PG
test-2593.png,MWED4
test-2594.png,26BEB
test-2595.png,UHN
test-2596.png,NR3W
test-2597.png,WQW6
test-2598.png,NQNHG
test-2599.png,38RN2
test-26.png,DHDH
test-260.png,E5EH
test-2600.png,SNBA
test-2601.png,HZUP
test-2602.png,3RC94
test-2603.png,MWBG
test-2604.png,6MW6F
test-2605.png,WBHA
test-2606.png,6SZWN
test-2607.png,5554
test-2608.png,NMMU
test-2609.png,M5MK
test-261.png,RNRF
test-2610.png,SBH2
test-2611.png,BNNNA
test-2612.png,SWQ3
test-2613.png,2HP4
test-2614.png,XPHNX
test-2615.png,K65N
test-2616.png,SBKU
test-2617.png,HPH
test-2618.png,RHD
test-2619.png,3WFHM
test-262.png,WGZRP
test-2620.png,WEHH
test-2621.png,X799
test-2622.png,R5M
test-2623.png,3WBBZ
test-2624.png,56S9
test-2625.png,SM6N
test-2626.png,NURW
test-2627.png,5RHRK
test-2628.png,NDKGE
test-2629.png,CHF
test-263.png,UCP3
test-2630.png,M2BZ
test-2631.png,WSN3
test-2632.png,RHWRX
test-2633.png,MWQW3
test-2634.png,NHQ5
test-2635.png,HNN5
test-2636.png,5HND
test-2637.png,ZPJHV
test-2638.png,5G3HG
test-2639.png,UHSH
test-264.png,6WDP
test-2640.png,2GN7
test-2641.png,ZWXV
test-2642.png,WHW6
test-2643.png,95BP
test-2644.png,NNW
test-2645.png,NRWNX
test-2646.png,GE5N
test-2647.png,R55Z
test-2648.png,2MHJ
test-2649.png,JR2S
test-265.png,GN7V
test-2650.png,WXBH
test-2651.png,BXH2H
test-2652.png,9WN7
test-2653.png,NNW5J
test-2654.png,PSNH
test-2655.png,RHUHH
test-2656.png,SWWE
test-2657.png,59H64
test-2658.png,ZWNA
test-2659.png,MS2
test-266.png,NUJ7
test-2660.png,3WBPU
test-2661.png,6BEE
test-2662.png,HBNH
test-2663.png,4W5
test-2664.png,XDHH
test-2665.png,V5PC
test-2666.png,MKQV
test-2667.png,MG66
test-2668.png,G5HH
test-2669.png,WM9Z
test-267.png,CBR3
test-2670.png,WMNH
test-2671.png,WWY
test-2672.png,765X
test-2673.png,WPWK
test-2674.png,HHF
test-2675.png,UQB9
test-2676.png,HB3P
test-2677.png,GPP5
test-2678.png,MMQH
test-2679.png,JRM5M
test-268.png,MHPK
test-2680.png,UWZ53
test-2681.png,QWP3
test-2682.png,HWEU
test-2683.png,BHAG
test-2684.png,WNG
test-2685.png,HPY
test-2686.png,GN5G
test-2687.png,4W82Z
test-2688.png,PJ7VJ
test-2689.png,HWSH
test-269.png,R6WH
test-2690.png,YGNK
test-2691.png,NBBY
test-2692.png,HWNV
test-2693.png,WHWZ
test-2694.png,6DNE
test-2695.png,3DH3
test-2696.png,JNWJ
test-2697.png,AMW2
test-2698.png,6W77
test-2699.png,NWNSA
test-27.png,BBSF
test-270.png,96W4
test-2700.png,W6RM3
test-2701.png,NWWB
test-2702.png,TBBM
test-2703.png,H9K5
test-2704.png,HMWB3
test-2705.png,3WN9
test-2706.png,7GD
test-2707.png,HR8X
test-2708.png,8H6H
test-2709.png,NWHJ
test-271.png,NPHWM
test-2710.png,HQMH
test-2711.png,GPBEV
test-2712.png,U2B59
test-2713.png,QWNU
test-2714.png,WNH5Z
test-2715.png,4DRJ
test-2716.png,9S6G
test-2717.png,AW6W
test-2718.png,NPNW
test-2719.png,RWMN
test-272.png,M6WH
test-2720.png,9WW
test-2721.png,ENEH
test-2722.png,6RWHM
test-2723.png,MHMJ
test-2724.png,NNWY
test-2725.png,WWMH
test-2726.png,SHNWZ
test-2727.png,3BWH
test-2728.png,JWW6
test-2729.png,WXH5
test-273.png,ZHB
test-2730.png,X6RHW
test-2731.png,WWHP
test-2732.png,MNBF
test-2733.png,Q3HF
test-2734.png,6BE5
test-2735.png,2NG
test-2736.png,6BEU
test-2737.png,WW955
test-2738.png,4WDS
test-2739.png,UM8
test-274.png,PQK5N
test-2740.png,BNM7
test-2741.png,BJMBB
test-2742.png,KH5M
test-2743.png,JWGNQ
test-2744.png,95PH
test-2745.png,E3MPP
test-2746.png,XGW4
test-2747.png,MQC
test-2748.png,9WNK
test-2749.png,CGBC4
test-275.png,WHB
test-2750.png,NH5J
test-2751.png,YWN
test-2752.png,Z6M5
test-2753.png,R5SB
test-2754.png,RH3A
test-2755.png,HHRX
test-2756.png,AWHEQ
test-2757.png,7RWX
test-2758.png,KE6M
test-2759.png,HMK
test-276.png,9RSV
test-2760.png,RREQ3
test-2761.png,3S5A
test-2762.png,WEBWC
test-2763.png,XKNV
test-2764.png,UHED
test-2765.png,XWZH6
test-2766.png,4WXD
test-2767.png,KWWD
test-2768.png,ZW65
test-2769.png,HWWHF
test-277.png,GHWG
test-2770.png,HWWK
test-2771.png,WZNHH
test-2772.png,TNHM
test-2773.png,NFH
test-2774.png,MK4N
test-2775.png,RN54
test-2776.png,XWCG
test-2777.png,NH8D
test-2778.png,NH6T
test-2779.png,SMG
test-278.png,PGZ5
test-2780.png,UUBA
test-2781.png,4BWG
test-2782.png,H253
test-2783.png,DMWB5
test-2784.png,MUJ4
test-2785.png,DBWC
test-2786.png,3WHN
test-2787.png,XZNB
test-2788.png,UBWK
test-2789.png,WRNN
test-279.png,2H8U
test-2790.png,G9G9
test-2791.png,3S3
test-2792.png,UMHH
test-2793.png,SWM
test-2794.png,RHKZ
test-2795.png,SKNG
test-2796.png,9MQNH
test-2797.png,5NRY
test-2798.png,5H2
test-2799.png,Y599
test-28.png,9MCN
test-280.png,BNWC
test-2800.png,BN5BH
test-2801.png,7U2G
test-2802.png,9NWX
test-2803.png,WNW6J
test-2804.png,5WRZ
test-2805.png,JWNN
test-2806.png,WHW5
test-2807.png,SDM2
test-2808.png,XWMHN
test-2809.png,MW5N
test-281.png,BWBH
test-2810.png,H6SG3
test-2811.png,WGU6
test-2812.png,RNNK
test-2813.png,BK4K
test-2814.png,3WQ5
test-2815.png,RRH
test-2816.png,SGGA
test-2817.png,EWU
test-2818.png,N8MZM
test-2819.png,UHUJ
test-282.png,RWW6
test-2820.png,ZWNUK
test-2821.png,WUBA
test-2822.png,MMSH
test-2823.png,MWM
test-2824.png,DHDRD
test-2825.png,4BDEA
test-2826.png,HB5J
test-2827.png,NZUH
test-2828.png,5X59
test-2829.png,GWMA
test-283.png,GMW5
test-2830.png,PSP7
test-2831.png,RWBA
test-2832.png,MGZZ
test-2833.png,BWCX
test-2834.png,EDHN
test-2835.png,NGNH
test-2836.png,UMMJ
test-2837.png,SBZ7
test-2838.png,GDHMH
test-2839.png,9WC
test-284.png,MNNPY
test-2840.png,WZNG6
test-2841.png,WCWA
test-2842.png,3RH5
test-2843.png,MWG
test-2844.png,KG5NU
test-2845.png,S5WW
test-2846.png,RWZGE
test-2847.png,9GHN
test-2848.png,62MC
test-2849.png,UQHA
test-285.png,5RP5
test-2850.png,3DU7
test-2851.png,RNH5
test-2852.png,4RWW
test-2853.png,GHPE
test-2854.png,H653X
test-2855.png,4HNP
test-2856.png,3N8U
test-2857.png,EJED
test-2858.png,KDH9
test-2859.png,WBBPF
test-286.png,W2
test-2860.png,VWG
test-2861.png,CWGEU
test-2862.png,6W2
test-2863.png,WBNP
test-2864.png,EZC39
test-2865.png,BPWNT
test-2866.png,AKRU
test-2867.png,QNWT
test-2868.png,SWP
test-2869.png,WWH7
test-287.png,EBNU
test-2870.png,ZX66
test-2871.png,9S8N
test-2872.png,XWU9
test-2873.png,5WC5
test-2874.png,UZBA
test-2875.png,MHT
test-2876.png,MPNW
test-2877.png,C2HK
test-2878.png,WWSW
test-2879.png,ENR
test-288.png,HWEC
test-2880.png,9WWY
test-2881.png,B5HZ
test-2882.png,4WME
test-2883.png,HPPU
test-2884.png,RDHC
test-2885.png,GMB
test-2886.png,PHHU
test-2887.png,PHVW
test-2888.png,UWHH
test-2889.png,WMJ
test-289.png,HBHP
test-2890.png,6B5T
test-2891.png,CNX
test-2892.png,8W8HJ
test-2893.png,NHYFT
test-2894.png,NH
test-2895.png,R8EZ
test-2896.png,6QRN
test-2897.png,G6B5
test-2898.png,NUWD
test-2899.png,2WZY
test-29.png,MZN5
test-290.png,PWP2
test-2900.png,WG5
test-2901.png,QHUZ
test-2902.png,UMST
test-2903.png,6HBZ
test-2904.png,MW3B
test-2905.png,PWBZ
test-2906.png,PBNHF
test-2907.png,AMZQ
test-2908.png,RWC3H
test-2909.png,WN9U
test-291.png,NPNE
test-2910.png,DPBP
test-2911.png,H5BE
test-2912.png,GHDD
test-2913.png,BEWK
test-2914.png,HHNJ
test-2915.png,PNWBJ
test-2916.png,NZHMN
test-2917.png,8B6
test-2918.png,WW62
test-2919.png,WBRN
test-292.png,FHC5
test-2920.png,WMMN
test-2921.png,2W27
test-2922.png,J5M
test-2923.png,SHHZ
test-2924.png,28MM
test-2925.png,HWU4
test-2926.png,WGWT
test-2927.png,HWP
test-2928.png,SWSHU
test-2929.png,PBW6
test-293.png,NW6Z
test-2930.png,HWRHT
test-2931.png,6PRM5
test-2932.png,HNNH
test-2933.png,9RWJ
test-2934.png,D5DHD
test-2935.png,5W3E
test-2936.png,SNTZ7
test-2937.png,WB6P
test-2938.png,HC5
test-2939.png,9U2N
test-294.png,HG9
test-2940.png,5HD
test-2941.png,WREH
test-2942.png,RNT
test-2943.png,PW5P
test-2944.png,H5N5
test-2945.png,5RB6C
test-2946.png,NRWH
test-2947.png,GSWU
test-2948.png,5W2ZN
test-2949.png,98W59
test-295.png,NW9J
test-2950.png,QJ9WU
test-2951.png,PB2GX
test-2952.png,RA9S
test-2953.png,CS6U
test-2954.png,ZG2H9
test-2955.png,RW554
test-2956.png,RWDN
test-2957.png,4ZH9Z
test-2958.png,E5WK
test-2959.png,28HC
test-296.png,S2HH
test-2960.png,3HQ5
test-2961.png,NNBZ
test-2962.png,MRNG
test-2963.png,W5HK
test-2964.png,P5WN9
test-2965.png,5WH9
test-2966.png,2GEE
test-2967.png,NPW24
test-2968.png,HJP5
test-2969.png,6NSZ
test-297.png,YHWX
test-2970.png,SP6G
test-2971.png,6BG5M
test-2972.png,36SZ
test-2973.png,WQWGC
test-2974.png,MG3T
test-2975.png,J29Z
test-2976.png,QWS
test-2977.png,NEZU
test-2978.png,53MB
test-2979.png,WWA
test-298.png,ZMMH
test-2980.png,56
test-2981.png,UHV
test-2982.png,ZWRW
test-2983.png,MWEZ
test-2984.png,2WPHT
test-2985.png,DWNW5
test-2986.png,4B3N
test-2987.png,9G34
test-2988.png,YHK
test-2989.png,M6V
test-299.png,4QWSBH
test-2990.png,3NPU
test-2991.png,HW35
test-2992.png,JW2HV
test-2993.png,9WGT
test-2994.png,HQN5
test-2995.png,6WK
test-2996.png,Q5WW
test-2997.png,WWS
test-2998.png,YJ28
test-2999.png,PSSW
test-3.png,RHH
test-30.png,6GWH
test-300.png,ZNWJ
test-3000.png,AMBWY
test-3001.png,AGEMZ
test-3002.png,56HNB
test-3003.png,AWH5
test-3004.png,N5N9
test-3005.png,USHH
test-3006.png,5NMP
test-3007.png,WB9NU
test-3008.png,WMWE
test-3009.png,HH5HH
test-301.png,H6K
test-3010.png,BWSG
test-3011.png,565C
test-3012.png,T6H3
test-3013.png,3BHWC
test-3014.png,ARRK
test-3015.png,4KBG
test-3016.png,WDMW
test-3017.png,BZMX
test-3018.png,UAWJ
test-3019.png,5RWH3
test-302.png,ZSHQ
test-3020.png,G3WN
test-3021.png,8SU9
test-3022.png,HB354
test-3023.png,NSHX
test-3024.png,2KHH
test-3025.png,HHUH5
test-3026.png,X5H
test-3027.png,AWH4
test-3028.png,GQWH
test-3029.png,4RB9
test-303.png,NZ5H
test-3030.png,5WD
test-3031.png,DHP9
test-3032.png,PD5A
test-3033.png,E3HP
test-3034.png,WPGF
test-3035.png,JRN26
test-3036.png,WBG3
test-3037.png,NWW
test-3038.png,HZ667
test-3039.png,NWS5
test-304.png,WGW5
test-3040.png,WMQ3
test-3041.png,8HMWH
test-3042.png,UUH5K
test-3043.png,BD5M
test-3044.png,CWX9X
test-3045.png,HWMHK
test-3046.png,NN9Z
test-3047.png,WNW5
test-3048.png,5NW
test-3049.png,HEPSN
test-305.png,H3NT
test-3050.png,X5BM
test-3051.png,6VGWH
test-3052.png,XDEZ
test-3053.png,W5PW
test-3054.png,HHUMH
test-3055.png,ZHWHK
test-3056.png,3WNZ
test-3057.png,EV5C
test-3058.png,55NHB
test-3059.png,WG3HF
test-306.png,GNH5
test-3060.png,HKH5
test-3061.png,2N5M
test-3062.png,RWM
test-3063.png,WWD7
test-3064.png,R65D
test-3065.png,3W2H
test-3066.png,HMBF
test-3067.png,46P
test-3068.png,C6C
test-3069.png,HCNK
test-307.png,W55W
test-3070.png,9579
test-3071.png,366Z
test-3072.png,WWV
test-3073.png,WW8EE
test-3074.png,SWH
test-3075.png,KWHA
test-3076.png,HH5Y
test-3077.png,BSSJ
test-3078.png,P5HH
test-3079.png,RUPC
test-308.png,H3RN
test-3080.png,ANAG
test-3081.png,66WH
test-3082.png,2N8NN
test-3083.png,JKRZU
test-3084.png,SN23
test-3085.png,RBNX
test-3086.png,PRDH
test-3087.png,UZC5U
test-3088.png,2WW
test-3089.png,XW95
test-309.png,6GHJ
test-3090.png,R6HG
test-3091.png,9C3P
test-3092.png,RWW6
test-3093.png,CG6H
test-3094.png,H5BK
test-3095.png,NHSX
test-3096.png,5GEF
test-3097.png,7GN3
test-3098.png,9NS5
test-3099.png,N3Q
test-31.png,6QD
test-310.png,HREU
test-3100.png,HWEZ
test-3101.png,6HWA
test-3102.png,3WP7
test-3103.png,WQB6R
test-3104.png,HWWS9
test-3105.png,ZG6BR
test-3106.png,R9PC
test-3107.png,5WPP
test-3108.png,RH4D
test-3109.png,6HU
test-311.png,5S8BN
test-3110.png,MNNZ
test-3111.png,ZM55
test-3112.png,SW8F
test-3113.png,H5RK
test-3114.png,H5CU
test-3115.png,T5WC
test-3116.png,ZWNGG
test-3117.png,ENWH
test-3118.png,HH2A
test-3119.png,WBWC
test-312.png,ZMNG
test-3120.png,6WNR
test-3121.png,QMHMM
test-3122.png,5P55J
test-3123.png,NPPH
test-3124.png,BPV
test-3125.png,BHUHW
test-3126.png,PWK
test-3127.png,HPA4
test-3128.png,WBR
test-3129.png,6NWB
test-313.png,HRW2
test-3130.png,CNBK
test-3131.png,WHMHJ
test-3132.png,PHHH
test-3133.png,WP9P
test-3134.png,CMHM
test-3135.png,EMH2
test-3136.png,DNNB
test-3137.png,NE2A
test-3138.png,HHP6Y
test-3139.png,ZBET
test-314.png,RNW4
test-3140.png,ZBWN
test-3141.png,RHSN
test-3142.png,XN6R
test-3143.png,AGNH3
test-3144.png,QUPH
test-3145.png,6WS
test-3146.png,62HY
test-3147.png,NPGHK
test-3148.png,MN6BH
test-3149.png,7NWG
test-315.png,QWK
test-3150.png,XGHF
test-3151.png,ZP5NHU
test-3152.png,Z6GWP
test-3153.png,NNHH
test-3154.png,JPN
test-3155.png,WNDE
test-3156.png,SWSWR
test-3157.png,4SHSE
test-3158.png,DJS6
test-3159.png,WWQW
test-316.png,MMX
test-3160.png,ZEN9
test-3161.png,HN93
test-3162.png,MWHG
test-3163.png,3P9
test-3164.png,GRY5
test-3165.png,UWP9
test-3166.png,2D3B
test-3167.png,H2BG
test-3168.png,NN5P
test-3169.png,8SW7
test-317.png,DBB2
test-3170.png,RNHK
test-3171.png,RPHNX
test-3172.png,WZ2H
test-3173.png,8SNN
test-3174.png,WWMWC
test-3175.png,X9WS
test-3176.png,BSMG
test-3177.png,WB2D
test-3178.png,4WRSA
test-3179.png,NE59
test-318.png,3MGWH
test-3180.png,KEZEH
test-3181.png,TB57
test-3182.png,P5HC
test-3183.png,PW34
test-3184.png,SBW
test-3185.png,X2W6
test-3186.png,JHHG
test-3187.png,4PBK
test-3188.png,RM57
test-3189.png,8MZN
test-319.png,HBD
test-3190.png,AWN
test-3191.png,6WWV
test-3192.png,PWW5
test-3193.png,HWU9
test-3194.png,H5H5
test-3195.png,WWR
test-3196.png,HGQHH
test-3197.png,99MRH
test-3198.png,NWMH
test-3199.png,ABMHH
test-32.png,KXMM
test-320.png,CSR5
test-3200.png,WN92
test-3201.png,GHBE
test-3202.png,YCHJ
test-3203.png,5NZ3
test-3204.png,WRE5M
test-3205.png,WW37
test-3206.png,N9H4
test-3207.png,RGHE
test-3208.png,7GSC
test-3209.png,6K97
test-321.png,X8BN
test-3210.png,HMNHB
test-3211.png,5S8Z
test-3212.png,9NH
test-3213.png,W3WC
test-3214.png,89H5
test-3215.png,8B5K
test-3216.png,HRHWX
test-3217.png,9BHA
test-3218.png,MWZDH
test-3219.png,9HW7
test-322.png,HWN
test-3220.png,3HRWY
test-3221.png,PWR23
test-3222.png,WWQEDU
test-3223.png,H8W6
test-3224.png,2HHW
test-3225.png,4WNJ
test-3226.png,GHSZ
test-3227.png,N29E
test-3228.png,FER6K
test-3229.png,WE5WH
test-323.png,HDMPH
test-3230.png,7EZ3
test-3231.png,4WWP
test-3232.png,NRSK
test-3233.png,3WHM
test-3234.png,DSND
test-3235.png,WWPJ
test-3236.png,7RRX
test-3237.png,3EBB
test-3238.png,SWWG
test-3239.png,M597
test-324.png,U2ZN
test-3240.png,MNRG
test-3241.png,WPHG
test-3242.png,59NM
test-3243.png,WRHE
test-3244.png,WWSM
test-3245.png,V8WR
test-3246.png,HXPSJ
test-3247.png,9W5M
test-3248.png,2GRJ
test-3249.png,6PJ
test-325.png,5WEG4
test-3250.png,HH7
test-3251.png,MWM
test-3252.png,NWPU
test-3253.png,9NW6
test-3254.png,BHHD
test-3255.png,5B6Z
test-3256.png,43SET
test-3257.png,5HNG
test-3258.png,NNWW
test-3259.png,RXW2U
test-326.png,W56GX
test-3260.png,RW2HP
test-3261.png,HUES
test-3262.png,DP5
test-3263.png,ZWSV
test-3264.png,W5RF
test-3265.png,HNB2
test-3266.png,XN5
test-3267.png,SW5C
test-3268.png,2NET
test-3269.png,WHZ
test-327.png,ED5HJ
test-3270.png,ZXUWH
test-3271.png,H6RT
test-3272.png,HCW5
test-3273.png,9M5
test-3274.png,XDB5
test-3275.png,5NMP
test-3276.png,NEBWW
test-3277.png,HW55
test-3278.png,HZ9
test-3279.png,N2B7
test-328.png,UPP
test-3280.png,CMP6
test-3281.png,XBWK
test-3282.png,A3EHH
test-3283.png,2HMG6
test-3284.png,NBEG
test-3285.png,WDEA
test-3286.png,BWG9Z
test-3287.png,HDHU
test-3288.png,HNPP
test-3289.png,DEE3
test-329.png,HMH3
test-3290.png,HWP4
test-3291.png,J6SG
test-3292.png,RDHP
test-3293.png,HMGH
test-3294.png,4MWMH
test-3295.png,KNE6
test-3296.png,UUHX
test-3297.png,R6B
test-3298.png,NH9AT
test-3299.png,KMEZ
test-33.png,NCMW
test-330.png,NH4
test-3300.png,PRWK
test-3301.png,5BW9
test-3302.png,AHMW
test-3303.png,RHZ
test-3304.png,DNH
test-3305.png,PEN
test-3306.png,9WM
test-3307.png,Z7WE
test-3308.png,XNU
test-3309.png,HMWSV
test-331.png,4PZ9
test-3310.png,WWM5
test-3311.png,WGN9
test-3312.png,DQW3
test-3313.png,ZW69
test-3314.png,VZDWG
test-3315.png,YWMK
test-3316.png,HP6
test-3317.png,C6G3
test-3318.png,3WWB
test-3319.png,2W9A
test-332.png,HH5P
test-3320.png,H5RP
test-3321.png,9559
test-3322.png,ZWWE
test-3323.png,SBGN
test-3324.png,MHJ
test-3325.png,HSWHB
test-3326.png,CFWK
test-3327.png,2HWK
test-3328.png,R5HN
test-3329.png,WBPRK
test-333.png,NZUH
test-3330.png,NGUY
test-3331.png,G3CQT
test-3332.png,RW9J
test-3333.png,ZHRHF
test-3334.png,HBWY
test-3335.png,HW8W
test-3336.png,UR5N
test-3337.png,RNQWZ
test-3338.png,3WU
test-3339.png,2WSM
test-334.png,Z6WW
test-3340.png,WMQQ
test-3341.png,CW85
test-3342.png,RRHW3
test-3343.png,R4HN
test-3344.png,ZN8H
test-3345.png,PWP
test-3346.png,8RB6
test-3347.png,MHAY
test-3348.png,9QR34
test-3349.png,P6DZ
test-335.png,3NR3
test-3350.png,R82X
test-3351.png,CH6A
test-3352.png,6MRP
test-3353.png,G5NG
test-3354.png,NBH
test-3355.png,6SMK
test-3356.png,NWRJ
test-3357.png,WM9
test-3358.png,WRZC
test-3359.png,4HMG
test-336.png,MKQA
test-3360.png,3MHM
test-3361.png,JMN23
test-3362.png,CSXW
test-3363.png,E4H
test-3364.png,XUGPA
test-3365.png,PWK5
test-3366.png,HW2ST
test-3367.png,HNG
test-3368.png,KW2H
test-3369.png,4BG5
test-337.png,5WNE
test-3370.png,KW5
test-3371.png,XSBHU
test-3372.png,9WEK
test-3373.png,NHHA
test-3374.png,HWMJ
test-3375.png,SWGCK
test-3376.png,UHNW
test-3377.png,GHHP
test-3378.png,6WX
test-3379.png,EM5A
test-338.png,MGBEH
test-3380.png,BPWY
test-3381.png,MN5U
test-3382.png,RNHG
test-3383.png,VUH5
test-3384.png,MWK
test-3385.png,5WH5
test-3386.png,QHHG
test-3387.png,PMW9
test-3388.png,9BH3
test-3389.png,65WH
test-339.png,SRWX
test-3390.png,ES5
test-3391.png,HMWEN
test-3392.png,Q9N
test-3393.png,HPWR
test-3394.png,3C5Q
test-3395.png,B553
test-3396.png,HD
test-3397.png,SQX
test-3398.png,HMR7
test-3399.png,6CZWW
test-34.png,H5PG
test-340.png,Z52W
test-3400.png,3DEZ
test-3401.png,QMHF
test-3402.png,6WH
test-3403.png,H5K
test-3404.png,5HP3
test-3405.png,TKQ5
test-3406.png,RWWEH
test-3407.png,PP3P
test-3408.png,WK
test-3409.png,E6WYT
test-341.png,NBHV
test-3410.png,9WD3FF
test-3411.png,66EC
test-3412.png,9MPG
test-3413.png,MHW4
test-3414.png,3BW5
test-3415.png,6N5K
test-3416.png,WNWA
test-3417.png,8WB2Z
test-3418.png,ZRPH3
test-3419.png,WEGU
test-342.png,BXHB
test-3420.png,NWP
test-3421.png,US6Y
test-3422.png,4QHB
test-3423.png,PXRB
test-3424.png,UWW5
test-3425.png,HZN5
test-3426.png,5SW5
test-3427.png,6NX
test-3428.png,SWB
test-3429.png,EPWT
test-343.png,6W8HU
test-3430.png,R33GX
test-3431.png,W6J
test-3432.png,D95P3
test-3433.png,HWPA
test-3434.png,NYH
test-3435.png,NB92
test-3436.png,WWZHP
test-3437.png,2H56
test-3438.png,NNPH
test-3439.png,W3SG
test-344.png,KPWRC
test-3440.png,55HY
test-3441.png,EMBB
test-3442.png,RHMA
test-3443.png,NWHD
test-3444.png,WDMN
test-3445.png,HHUPU
test-3446.png,GCHA
test-3447.png,WW5Z
test-3448.png,3SHJ
test-3449.png,ZUNPBM
test-345.png,NW
test-3450.png,ZXPC
test-3451.png,AHR
test-3452.png,SN5NX
test-3453.png,5R53
test-3454.png,ZWRW
test-3455.png,QNBY
test-3456.png,3TEE
test-3457.png,W8W6
test-3458.png,UBN
test-3459.png,WHNA
test-346.png,F3M
test-3460.png,K6EU
test-3461.png,MZG
test-3462.png,U6SNH
test-3463.png,WNWEJ
test-3464.png,TZD7
test-3465.png,3HF
test-3466.png,J5N3
test-3467.png,CXSK
test-3468.png,NHZ7
test-3469.png,U5GJ
test-347.png,9B5N
test-3470.png,DWH
test-3471.png,QB3Z
test-3472.png,8S6
test-3473.png,UBM5
test-3474.png,UHHH
test-3475.png,BSHFT
test-3476.png,X35H
test-3477.png,Q2RR
test-3478.png,HCWWR
test-3479.png,SP5WU
test-348.png,NN5H
test-3480.png,GWZ3
test-3481.png,WKMG3
test-3482.png,A5U
test-3483.png,4P5J
test-3484.png,5W6
test-3485.png,VW5K
test-3486.png,33S4
test-3487.png,2RN3
test-3488.png,ADH5
test-3489.png,8W5J
test-349.png,NWHM
test-3490.png,WBW6
test-3491.png,QG3M
test-3492.png,5WHH
test-3493.png,JPH
test-3494.png,65H5H
test-3495.png,9NPP
test-3496.png,5RP
test-3497.png,GWW5
test-3498.png,P533
test-3499.png,WHEHH
test-35.png,WWBM
test-350.png,HG5H
test-3500.png,HPHF
test-3501.png,CBE5
test-3502.png,6WGT
test-3503.png,UWBH
test-3504.png,6GWMU
test-3505.png,D2NN
test-3506.png,H3HW
test-3507.png,43K
test-3508.png,UQR7
test-3509.png,A5PP
test-351.png,4BNG
test-3510.png,HWHZ7
test-3511.png,W2RPH
test-3512.png,ZZ6WN
test-3513.png,NEWC
test-3514.png,WNHNH
test-3515.png,5HMHF
test-3516.png,4SPJ
test-3517.png,P5RN
test-3518.png,RPHDN
test-3519.png,63G
test-352.png,6HNP
test-3520.png,QNWGN
test-3521.png,CB8SC
test-3522.png,ZRCV
test-3523.png,NJWH
test-3524.png,9HNG
test-3525.png,5ZWH
test-3526.png,QDHR3
test-3527.png,6CUH
test-3528.png,M35P4
test-3529.png,65WU
test-353.png,U5CC
test-3530.png,E5B6
test-3531.png,M2
test-3532.png,9HDH
test-3533.png,3NZ7
test-3534.png,HHH5
test-3535.png,UMBM
test-3536.png,2FPND
test-3537.png,6WW5
test-3538.png,WWZ5
test-3539.png,AW5HE
test-354.png,W82
test-3540.png,SB8NY
test-3541.png,6DDX
test-3542.png,6QNJ
test-3543.png,MHM5
test-3544.png,MKWN
test-3545.png,MW6G3
test-3546.png,6BG
test-3547.png,2SH5
test-3548.png,HXMWX
test-3549.png,WHU9X
test-355.png,WDQDK
test-3550.png,2393
test-3551.png,N6HK
test-3552.png,BDPH
test-3553.png,PGWZJ
test-3554.png,WPWU
test-3555.png,HRWHW
test-3556.png,JPPY
test-3557.png,SDZNZ
test-3558.png,6HBP
test-3559.png,6WHH
test-356.png,HBN5
test-3560.png,665Z
test-3561.png,3PWG
test-3562.png,BHK
test-3563.png,569K7
test-3564.png,9BHJ
test-3565.png,98W9
test-3566.png,WRWW
test-3567.png,PRWV
test-3568.png,B3SM
test-3569.png,H8HX
test-357.png,NW25
test-3570.png,BQZHU
test-3571.png,3DHM
test-3572.png,55P6
test-3573.png,NKCWJ
test-3574.png,NRHM
test-3575.png,52MA
test-3576.png,H9HK
test-3577.png,BEH54
test-3578.png,HWMN
test-3579.png,DEBG
test-358.png,7N23
test-3580.png,RHC94
test-3581.png,P3H9
test-3582.png,HP5A
test-3583.png,GNQH
test-3584.png,WSWA
test-3585.png,9RK
test-3586.png,673WZ
test-3587.png,QGQ
test-3588.png,W95K
test-3589.png,MNGZX
test-359.png,N5N9
test-3590.png,752J
test-3591.png,DB6
test-3592.png,MS6ZH
test-3593.png,CGND
test-3594.png,WS65
test-3595.png,CGHS
test-3596.png,3HND
test-3597.png,WGENW
test-3598.png,KRH5
test-3599.png,WRW
test-36.png,WNPJ
test-360.png,ESWNQ
test-3600.png,RWBH
test-3601.png,6SN5N
test-3602.png,CHWPH
test-3603.png,PWBN
test-3604.png,JW2H
test-3605.png,5ZGG
test-3606.png,E5HG
test-3607.png,FNGW
test-3608.png,J28H
test-3609.png,5PP4
test-361.png,NCSEH
test-3610.png,WWHJ
test-3611.png,PKWF
test-3612.png,WWHZ
test-3613.png,9PMG
test-3614.png,35MHE
test-3615.png,HNN
test-3616.png,55YY
test-3617.png,M3KCF
test-3618.png,WW2R
test-3619.png,M8MU
test-362.png,PWAB
test-3620.png,HBE
test-3621.png,ZW66
test-3622.png,P5S5
test-3623.png,65HE
test-3624.png,29HD
test-3625.png,ZDHWF
test-3626.png,AGND
test-3627.png,MS55E
test-3628.png,WZWP
test-3629.png,WP6P
test-363.png,JZHNN
test-3630.png,33R6
test-3631.png,PRW6D
test-3632.png,WB
test-3633.png,3WHH
test-3634.png,6VKV
test-3635.png,ZHPC
test-3636.png,HWWK
test-3637.png,HAHP
test-3638.png,2MD
test-3639.png,WWHT
test-364.png,WBHME
test-3640.png,M5NZ
test-3641.png,SN5K
test-3642.png,UNH
test-3643.png,VG5R3
test-3644.png,M5SRC
test-3645.png,VC4S
test-3646.png,UHW6
test-3647.png,7Q5X
test-3648.png,UN7
test-3649.png,MH9P
test-365.png,MW55
test-3650.png,9NH
test-3651.png,35W3
test-3652.png,MFMP
test-3653.png,RHMPC
test-3654.png,EB2H
test-3655.png,36W
test-3656.png,2D96
test-3657.png,6G63
test-3658.png,AWN5
test-3659.png,HG53
test-366.png,WN5H
test-3660.png,R8YE
test-3661.png,WHH4
test-3662.png,NKWG
test-3663.png,WHPN
test-3664.png,AD8B
test-3665.png,T6EPY
test-3666.png,4SN6
test-3667.png,9RBW7
test-3668.png,U53C
test-3669.png,Q35K
test-367.png,MM5B
test-3670.png,9WMJ
test-3671.png,T553
test-3672.png,HSWY
test-3673.png,EX5B
test-3674.png,4SH4
test-3675.png,6NH
test-3676.png,NW4H
test-3677.png,SDPJ
test-3678.png,PWW9
test-3679.png,SGBH2
test-368.png,B49G
test-3680.png,M6H7
test-3681.png,HEEU
test-3682.png,525H
test-3683.png,9WMWN
test-3684.png,2WB8
test-3685.png,MW6
test-3686.png,EWN
test-3687.png,4R66
test-3688.png,MNMP
test-3689.png,MWPA
test-369.png,MSMG
test-3690.png,KWUV
test-3691.png,WHM6
test-3692.png,6H6WZ
test-3693.png,5NHP
test-3694.png,ABRP
test-3695.png,SPSU
test-3696.png,C5WZ
test-3697.png,E65Z
test-3698.png,8W5EH
test-3699.png,H59J
test-37.png,YW6B
test-370.png,WWGC
test-3700.png,DW9K
test-3701.png,HHRHN
test-3702.png,SW6
test-3703.png,RP55P
test-3704.png,W2NZ
test-3705.png,USWG
test-3706.png,W3SG
test-3707.png,NWRJ
test-3708.png,9GG4
test-3709.png,2RSH
test-371.png,D7M5
test-3710.png,G8HJ
test-3711.png,9WBH5
test-3712.png,RR3H
test-3713.png,HMWJ
test-3714.png,ESQ3
test-3715.png,4SWH
test-3716.png,HEEE
test-3717.png,BMND
test-3718.png,HMGJ
test-3719.png,WWH9
test-372.png,ZP5MJ
test-3720.png,WNQN
test-3721.png,RPCX
test-3722.png,WHM94
test-3723.png,KHNUH
test-3724.png,6W6
test-3725.png,35R5
test-3726.png,DHWE
test-3727.png,W8QH
test-3728.png,DNBG
test-3729.png,3N5
test-373.png,MRH
test-3730.png,JE6P
test-3731.png,MWGR
test-3732.png,HP6N
test-3733.png,WWDH
test-3734.png,HM6GY
test-3735.png,RH6
test-3736.png,3SGP
test-3737.png,BMH6
test-3738.png,HH5A
test-3739.png,2UR
test-374.png,KHH6
test-3740.png,EZRWE
test-3741.png,KNWH
test-3742.png,WSED
test-3743.png,9NRC
test-3744.png,65W6
test-3745.png,RNH
test-3746.png,HE6Z
test-3747.png,W5X5
test-3748.png,GN5U
test-3749.png,5RZ6
test-375.png,ZBBBP
test-3750.png,5P5H
test-3751.png,MWBM
test-3752.png,5WG9
test-3753.png,SWHU
test-3754.png,KWN
test-3755.png,EMWHJ
test-3756.png,2ZNWV
test-3757.png,MRB5
test-3758.png,XH9G
test-3759.png,W9WR
test-376.png,GW5PP
test-3760.png,5GWG
test-3761.png,55RX
test-3762.png,K5NC
test-3763.png,VWHWH
test-3764.png,N8B9J
test-3765.png,NHH5
test-3766.png,WBMH
test-3767.png,BWW
test-3768.png,WB63
test-3769.png,G2R4
test-377.png,98B3
test-3770.png,DASA
test-3771.png,ERHP6
test-3772.png,MHH5
test-3773.png,ZMZHE
test-3774.png,HZWND
test-3775.png,CWSH
test-3776.png,NP5G
test-3777.png,5GZY
test-3778.png,BWA
test-3779.png,HW8T
test-378.png,9W5
test-3780.png,3RWP
test-3781.png,6W6H
test-3782.png,WBW2X
test-3783.png,2W7J
test-3784.png,HMH
test-3785.png,H2WP
test-3786.png,WHV
test-3787.png,PN2
test-3788.png,U5KC
test-3789.png,9W7C
test-379.png,UV5V
test-3790.png,26Z5
test-3791.png,HRNN
test-3792.png,FBH7
test-3793.png,U5MB
test-3794.png,R3Q3
test-3795.png,95HF
test-3796.png,NNGK
test-3797.png,RHMM
test-3798.png,XNH5
test-3799.png,MGG
test-38.png,BWWY
test-380.png,RHMRH
test-3800.png,BHG
test-3801.png,DNH6
test-3802.png,4WJ
test-3803.png,WWF
test-3804.png,2EH5
test-3805.png,QMMW
test-3806.png,WNK7
test-3807.png,BN96
test-3808.png,WWZN
test-3809.png,3WHP
test-381.png,W5BA
test-3810.png,VN6H
test-3811.png,53GC
test-3812.png,SSWHN
test-3813.png,WGEH
test-3814.png,7WNP
test-3815.png,45WG3
test-3816.png,RWNHM
test-3817.png,AZPY
test-3818.png,XBHJ
test-3819.png,MPNH
test-382.png,NBSEH
test-3820.png,AHH
test-3821.png,MWDT
test-3822.png,HHGT
test-3823.png,X25G
test-3824.png,B35P
test-3825.png,HRNW
test-3826.png,WNB2C
test-3827.png,HPHHU
test-3828.png,XWRWV
test-3829.png,MPM
test-383.png,RW3ZG
test-3830.png,BJJJH
test-3831.png,XBHK
test-3832.png,XVBK
test-3833.png,5HG7
test-3834.png,H3DG
test-3835.png,MMSW9
test-3836.png,982B
test-3837.png,6MZ5
test-3838.png,PWNW5
test-3839.png,5PC64
test-384.png,WPMZ
test-3840.png,RPWJ
test-3841.png,WPWP
test-3842.png,BWME
test-3843.png,6BU
test-3844.png,HEMW5
test-3845.png,5SHH
test-3846.png,KWB6
test-3847.png,WW2G
test-3848.png,5WHH
test-3849.png,CHNG
test-385.png,WST
test-3850.png,WNGK
test-3851.png,H56H
test-3852.png,RM3H
test-3853.png,7NKMB
test-3854.png,WBN5
test-3855.png,2SHH
test-3856.png,93WH
test-3857.png,WGSBA
test-3858.png,5MWNC
test-3859.png,HS8Y
test-386.png,WH6M
test-3860.png,4W9WE
test-3861.png,NYH5
test-3862.png,6HB5
test-3863.png,WQ9W
test-3864.png,NB5U
test-3865.png,3WMN
test-3866.png,KWE5
test-3867.png,MDW5
test-3868.png,MPBH
test-3869.png,ZW6EF
test-387.png,RUWG
test-3870.png,NNP
test-3871.png,AHWZ
test-3872.png,K225
test-3873.png,X6BK
test-3874.png,JW6H
test-3875.png,MRHWE
test-3876.png,NN4
test-3877.png,UNHD
test-3878.png,VPHV
test-3879.png,WUHZ
test-388.png,9SH4
test-3880.png,W6BA
test-3881.png,MXW4
test-3882.png,E5MC
test-3883.png,H564
test-3884.png,PSRH3
test-3885.png,HSWD
test-3886.png,CWEK
test-3887.png,WHUDU
test-3888.png,2QNBH
test-3889.png,SS63
test-389.png,NBWK
test-3890.png,Q9BY
test-3891.png,KWBT
test-3892.png,2KNH
test-3893.png,SW3H6
test-3894.png,WEDNP
test-3895.png,35NU
test-3896.png,WRWF
test-3897.png,HC5
test-3898.png,H33
test-3899.png,SDMB
test-39.png,J5X
test-390.png,GSZNJ
test-3900.png,8B6GK
test-3901.png,8PPH
test-3902.png,WRCD
test-3903.png,S58Z
test-3904.png,ZMH3
test-3905.png,X8BK
test-3906.png,6W5
test-3907.png,6NG3M
test-3908.png,WN9
test-3909.png,CR65U
test-391.png,U5WX
test-3910.png,GH6V
test-3911.png,QNHP
test-3912.png,RHZ4
test-3913.png,JPEDX
test-3914.png,56HN
test-3915.png,NWW
test-3916.png,SDNW
test-3917.png,BW5
test-3918.png,CH35H
test-3919.png,M6CZ
test-392.png,PRH53
test-3920.png,WC
test-3921.png,RBH5
test-3922.png,MHNE
test-3923.png,HZNB
test-3924.png,ND2Z
test-3925.png,HNB3
test-3926.png,JZC5
test-3927.png,NPMM
test-3928.png,H9M4
test-3929.png,G57
test-393.png,BZWA
test-3930.png,WWHN
test-3931.png,PMWH
test-3932.png,ZNZX
test-3933.png,SWAA
test-3934.png,56W2
test-3935.png,NNNGJ
test-3936.png,NWG3
test-3937.png,655P
test-3938.png,VZNGV
test-3939.png,NWNB6
test-394.png,BBBH
test-3940.png,UW2A
test-3941.png,366N
test-3942.png,FDHH
test-3943.png,WWSE
test-3944.png,HHMW5
test-3945.png,3CN4
test-3946.png,DSWD
test-3947.png,2RCT
test-3948.png,HWDN
test-3949.png,H553
test-395.png,RGWF
test-3950.png,DP59A
test-3951.png,K5W5K
test-3952.png,UZPF
test-3953.png,FSY3X
test-3954.png,XG2B
test-3955.png,BSR9H
test-3956.png,435H
test-3957.png,KNMRM
test-3958.png,WBHRH
test-3959.png,6DPN
test-396.png,65237
test-3960.png,BRWNP
test-3961.png,Z35P
test-3962.png,NG6K
test-3963.png,7W3Z
test-3964.png,66B9
test-3965.png,WW5
test-3966.png,H6SK
test-3967.png,RGW5
test-3968.png,2HUEM
test-3969.png,N6B5
test-397.png,ZMV
test-3970.png,KGP
test-3971.png,WPXG
test-3972.png,HWWG
test-3973.png,555G
test-3974.png,U5U2
test-3975.png,4SQWZ
test-3976.png,8RHMV
test-3977.png,NK
test-3978.png,5N2J
test-3979.png,M855
test-398.png,CNMHZ
test-3980.png,THH
test-3981.png,BB6
test-3982.png,SHU
test-3983.png,85WZ
test-3984.png,HRE5J
test-3985.png,NSBH
test-3986.png,BUPX
test-3987.png,FPPZ
test-3988.png,68SH
test-3989.png,VNWW
test-399.png,5QWHC
test-3990.png,E9MH
test-3991.png,ZNHMN
test-3992.png,9W67
test-3993.png,M6ZPH
test-3994.png,3RWW
test-3995.png,KWNPU
test-3996.png,NRZH5
test-3997.png,GE5Z
test-3998.png,MNMH
test-3999.png,2ZNJ
test-4.png,KZHZ
test-40.png,9SWN
test-400.png,GNW8Z
test-4000.png,SRRD
test-4001.png,3X2F
test-4002.png,DHWV
test-4003.png,ZNDZ
test-4004.png,3WQG
test-4005.png,9DGBH
test-4006.png,MPWBX
test-4007.png,76DW3
test-4008.png,VCR
test-4009.png,WWP
test-401.png,SN5J
test-4010.png,NN3Z
test-4011.png,6HW3
test-4012.png,UNWC
test-4013.png,43WYU
test-4014.png,H52M
test-4015.png,WM5H
test-4016.png,9WERH
test-4017.png,6UNQN
test-4018.png,HRW93
test-4019.png,WX5
test-402.png,BHP5
test-4020.png,WDNX
test-4021.png,WH93
test-4022.png,66HF
test-4023.png,BWGZC
test-4024.png,9G6G
test-4025.png,HP4
test-4026.png,JRHK
test-4027.png,H6E
test-4028.png,RHN5
test-4029.png,HP9M
test-403.png,W8N34
test-4030.png,PGH
test-4031.png,MSRB
test-4032.png,5B5E
test-4033.png,ZZ5H
test-4034.png,WWPR
test-4035.png,W3SH
test-4036.png,KHNC
test-4037.png,9B62
test-4038.png,CMWG
test-4039.png,WCWU
test-404.png,ABX
test-4040.png,ANWRZ
test-4041.png,NQZX
test-4042.png,3HQHF
test-4043.png,MWG
test-4044.png,JWNK
test-4045.png,5NNC
test-4046.png,QWRWH
test-4047.png,ZH55
test-4048.png,B5GN
test-4049.png,5BFK
test-405.png,ZH2YY
test-4050.png,4WW3
test-4051.png,ZRHH
test-4052.png,95H5C
test-4053.png,W5RH
test-4054.png,ZWU
test-4055.png,AE36
test-4056.png,N2HK
test-4057.png,CNH
test-4058.png,DZWK
test-4059.png,DQB6
test-406.png,PZGW
test-4060.png,UHM2K
test-4061.png,CWHU
test-4062.png,9NB5
test-4063.png,MPHH
test-4064.png,5WBH
test-4065.png,DE5E
test-4066.png,P25H
test-4067.png,GGWQ
test-4068.png,RWNH
test-4069.png,W5SW9
test-407.png,HGPS9
test-4070.png,MP9W3
test-4071.png,EHUVJ
test-4072.png,YHW5
test-4073.png,252H
test-4074.png,HDHC7
test-4075.png,H8PC
test-4076.png,PUHH
test-4077.png,H557
test-4078.png,NSQ5
test-4079.png,WMMMK
test-408.png,6SNS
test-4080.png,CN5
test-4081.png,B35
test-4082.png,UWHY
test-4083.png,NHN3T
test-4084.png,JP623
test-4085.png,Y5WH
test-4086.png,F5R7
test-4087.png,73HK
test-4088.png,2NMWC
test-4089.png,MNBH9
test-409.png,WDHX
test-4090.png,JRWJ
test-4091.png,VZST
test-4092.png,QWBA
test-4093.png,XMHCK
test-4094.png,HRBH
test-4095.png,73NWC
test-4096.png,Z9WEH
test-4097.png,CG2Z
test-4098.png,29HNHN
test-4099.png,NWNC
test-41.png,2WE6
test-410.png,A5MU
test-4100.png,WQZP
test-4101.png,ARGRR
test-4102.png,9NN
test-4103.png,ZWW5
test-4104.png,X3MWH
test-4105.png,9EET
test-4106.png,HWN5
test-4107.png,ANCC
test-4108.png,WWNV
test-4109.png,2NN5
test-411.png,6BH3
test-4110.png,QW8M
test-4111.png,6HG
test-4112.png,6WCA
test-4113.png,MERM
test-4114.png,N5NK5
test-4115.png,6H6T
test-4116.png,36U4
test-4117.png,2NERW
test-4118.png,ZRPC
test-4119.png,H3
test-412.png,EDSC
test-4120.png,3WHC
test-4121.png,UDPKH
test-4122.png,3BZ9Y
test-4123.png,H6Z7
test-4124.png,UHWS
test-4125.png,NBNZ7
test-4126.png,RH2Z
test-4127.png,UHWE
test-4128.png,R593
test-4129.png,6X5H
test-413.png,HBBET
test-4130.png,8NWN
test-4131.png,2G5
test-4132.png,8W2E
test-4133.png,PZ6K
test-4134.png,PMDV
test-4135.png,NQWK
test-4136.png,WNWF
test-4137.png,5GEB5
test-4138.png,6WHE
test-4139.png,XWD7
test-414.png,WGUWH
test-4140.png,NBWQ
test-4141.png,NHMB
test-4142.png,VSG
test-4143.png,ZP55
test-4144.png,CUNP
test-4145.png,6PHNX
test-4146.png,WPHE
test-4147.png,EHQWJ
test-4148.png,3WB
test-4149.png,HWBE
test-415.png,6EDH
test-4150.png,XSHF
test-4151.png,SRQ
test-4152.png,KWRB
test-4153.png,6W55
test-4154.png,DPWW
test-4155.png,9R6W5
test-4156.png,46EG
test-4157.png,EBW3W
test-4158.png,ANEK
test-4159.png,NWPN
test-416.png,HW2
test-4160.png,ANZ
test-4161.png,HM5
test-4162.png,ANW7
test-4163.png,W6BH5
test-4164.png,UWN5M
test-4165.png,HGNH
test-4166.png,RHN3
test-4167.png,H8H9
test-4168.png,5884
test-4169.png,MNWH
test-417.png,E35A
test-4170.png,HRBK
test-4171.png,MHRH
test-4172.png,3REJ
test-4173.png,UHWP
test-4174.png,NWNH
test-4175.png,PWH2Z
test-4176.png,WNP
test-4177.png,BDR3
test-4178.png,BW55A
test-4179.png,N7HZ
test-418.png,BWGT
test-4180.png,RNH5
test-4181.png,KW6H
test-4182.png,HP59
test-4183.png,ZHZ55
test-4184.png,CMZ
test-4185.png,65W5
test-4186.png,UW5H
test-4187.png,3BWCT
test-4188.png,QP6Z
test-4189.png,WK5NN
test-419.png,GKMH
test-4190.png,AWAF
test-4191.png,HUPM
test-4192.png,V6WHD
test-4193.png,JPWQ
test-4194.png,39BP
test-4195.png,DHN6Z
test-4196.png,KPN
test-4197.png,EWD7
test-4198.png,33S2X
test-4199.png,HW26
test-42.png,D6CJ
test-420.png,KMK
test-4200.png,3WNF
test-4201.png,HCBC
test-4202.png,DQ9S
test-4203.png,VRW6E
test-4204.png,Z6NU
test-4205.png,DM2N
test-4206.png,GNPSH
test-4207.png,HSK3
test-4208.png,FNN
test-4209.png,5BW
test-421.png,PWST
test-4210.png,W8WA
test-4211.png,5NWWG
test-4212.png,HC66
test-4213.png,HWGV
test-4214.png,MHGP
test-4215.png,7HH5
test-4216.png,H8WV
test-4217.png,5HRH
test-4218.png,MW6C
test-4219.png,XWBJ
test-422.png,PNDP5
test-4220.png,5WWB
test-4221.png,JEW8N
test-4222.png,DWBG
test-4223.png,9BBG
test-4224.png,B6EPF
test-4225.png,VW6
test-4226.png,RB5C
test-4227.png,P65
test-4228.png,KWHH
test-4229.png,NW29
test-423.png,9NDT
test-4230.png,5KYBK
test-4231.png,FHRWZ
test-4232.png,NNHA
test-4233.png,W5HM
test-4234.png,HNHWH
test-4235.png,WG
test-4236.png,EWE5
test-4237.png,N4NR
test-4238.png,S8N6
test-4239.png,W5HU
test-424.png,W6RJ
test-4240.png,BM6
test-4241.png,HMEN
test-4242.png,WNDM
test-4243.png,QH5
test-4244.png,4W6WN
test-4245.png,WH5
test-4246.png,4DGH
test-4247.png,HH66
test-4248.png,PW6H
test-4249.png,23G35
test-425.png,PM4U
test-4250.png,F6BK
test-4251.png,65HK
test-4252.png,5ENH
test-4253.png,NWZWR
test-4254.png,QS4
test-4255.png,DQCX9T
test-4256.png,MVMBJ
test-4257.png,BHPS
test-4258.png,UEW2F
test-4259.png,RHNC
test-426.png,3W6R3
test-4260.png,BGP4
test-4261.png,MGJ
test-4262.png,9BHY
test-4263.png,GBPY
test-4264.png,5MNC
test-4265.png,GRC5
test-4266.png,3BRNRH
test-4267.png,6NRZ
test-4268.png,DHA
test-4269.png,RCG6G
test-427.png,6HBH
test-4270.png,URW5A
test-4271.png,R8G7
test-4272.png,2HNZ
test-4273.png,MNDK
test-4274.png,6HR
test-4275.png,65BZ
test-4276.png,HWH
test-4277.png,35N5
test-4278.png,W2CP
test-4279.png,WGM
test-428.png,H5S3
test-4280.png,N5HZ7
test-4281.png,5Q6E
test-4282.png,2HPGH
test-4283.png,HRW9
test-4284.png,6E5Y
test-4285.png,WG53
test-4286.png,HWGK
test-4287.png,N55
test-4288.png,WWG5
test-4289.png,AMW6A
test-429.png,H6N
test-4290.png,7H5P
test-4291.png,33MP
test-4292.png,BH95
test-4293.png,5H5P
test-4294.png,H6EZ
test-4295.png,6EDBG
test-4296.png,D3RH
test-4297.png,2GHH
test-4298.png,UQW9
test-4299.png,UP6Z
test-43.png,JRBT
test-430.png,6WREF
test-4300.png,353X
test-4301.png,G5G
test-4302.png,9865
test-4303.png,3D7T
test-4304.png,HG6E
test-4305.png,G2G
test-4306.png,5R5N
test-4307.png,NWK
test-4308.png,W5KJ
test-4309.png,NWWZ
test-431.png,BWM7
test-4310.png,QW5P
test-4311.png,6W3X
test-4312.png,2MENG
test-4313.png,2DU4
test-4314.png,WW2D
test-4315.png,WW9
test-4316.png,RNNK
test-4317.png,HPWM
test-4318.png,QW5
test-4319.png,G5P5
test-432.png,6WQWH
test-4320.png,NNB5
test-4321.png,AW5H
test-4322.png,Z5HW3
test-4323.png,MRN7
test-4324.png,ZHWH5
test-4325.png,HMG
test-4326.png,9HH5
test-4327.png,UDNU
test-4328.png,WWXR
test-4329.png,HWN
test-433.png,Z9PK
test-4330.png,6P3M
test-4331.png,HBY
test-4332.png,PWH
test-4333.png,H5HH
test-4334.png,GX3C
test-4335.png,ZP5SR
test-4336.png,6BNH4
test-4337.png,ZPHP
test-4338.png,KWRHJ
test-4339.png,SZERM
test-434.png,F5RW
test-4340.png,8N6M
test-4341.png,MRW8P
test-4342.png,DCU4
test-4343.png,UU5A
test-4344.png,W6HB
test-4345.png,HZWNB
test-4346.png,HNEJ
test-4347.png,75WD5
test-4348.png,HMNWT
test-4349.png,4ZN3
test-435.png,RW5J
test-4350.png,2BWC
test-4351.png,H9G
test-4352.png,33NJ
test-4353.png,5WR5
test-4354.png,MNWZK
test-4355.png,TPH
test-4356.png,5NHWN
test-4357.png,WPRZEH
test-4358.png,6H8G
test-4359.png,DNHP5
test-436.png,HGWPJ
test-4360.png,HHBH
test-4361.png,W5SHF
test-4362.png,RSHE
test-4363.png,NW2R
test-4364.png,HHE5
test-4365.png,RQ59
test-4366.png,PVHH
test-4367.png,WWW
test-4368.png,3R9N
test-4369.png,6PHMX
test-437.png,HPH3
test-4370.png,25RA
test-4371.png,69W
test-4372.png,AW2W
test-4373.png,PPBNN
test-4374.png,WR65
test-4375.png,MM8H
test-4376.png,59WWK
test-4377.png,C36N
test-4378.png,MPWBM
test-4379.png,5HNN
test-438.png,NQWE6
test-4380.png,2HNH
test-4381.png,GNPX
test-4382.png,AHD
test-4383.png,MNM67
test-4384.png,99MT
test-4385.png,W3U2
test-4386.png,HMHK
test-4387.png,H58EE
test-4388.png,PBWB7
test-4389.png,XZ3U
test-439.png,K3NS
test-4390.png,VRNRD
test-4391.png,2ZRH
test-4392.png,HD54
test-4393.png,JBREH
test-4394.png,BSWQ
test-4395.png,HWW5
test-4396.png,MH5
test-4397.png,G9H
test-4398.png,M5Q3
test-4399.png,HHP54
test-44.png,DHWW
test-440.png,2S5W
test-4400.png,3WN
test-4401.png,YHP4
test-4402.png,APH55
test-4403.png,3R57
test-4404.png,WH36
test-4405.png,55WH
test-4406.png,WWWU
test-4407.png,NRH6
test-4408.png,HRJ
test-4409.png,56ZJ
test-441.png,DWHEH
test-4410.png,BWS
test-4411.png,BPPA
test-4412.png,7CH5
test-4413.png,Z4HRW
test-4414.png,HWRNY
test-4415.png,3G5
test-4416.png,ANNH
test-4417.png,H6H
test-4418.png,6HWA
test-4419.png,EWHB
test-442.png,46ZW
test-4420.png,RPH3
test-4421.png,NWPCH
test-4422.png,NNVT
test-4423.png,NMWRW
test-4424.png,NB5J
test-4425.png,9RW5RH
test-4426.png,4MHJ
test-4427.png,T2W
test-4428.png,3KB9
test-4429.png,W9NY
test-443.png,ZSNH
test-4430.png,U2Q3
test-4431.png,3B6W
test-4432.png,RNGK
test-4433.png,K693
test-4434.png,MHMK
test-4435.png,HWEVX
test-4436.png,7HHZ
test-4437.png,BNHD
test-4438.png,CM5R
test-4439.png,AWC5
test-444.png,4DH6
test-4440.png,W655
test-4441.png,2DDR
test-4442.png,QMNW
test-4443.png,SGSR
test-4444.png,HNND
test-4445.png,WUHBH
test-4446.png,NNKY
test-4447.png,NXZ
test-4448.png,H6BEP9
test-4449.png,HBV
test-445.png,HDHK
test-4450.png,6CHE
test-4451.png,BRHF
test-4452.png,35SW
test-4453.png,5BJ
test-4454.png,W26N
test-4455.png,3HHP
test-4456.png,MGPH
test-4457.png,XPM3
test-4458.png,NWRSM
test-4459.png,J3W
test-446.png,WNMM
test-4460.png,WZ5F
test-4461.png,6DNN
test-4462.png,WMWDH
test-4463.png,MHG
test-4464.png,966H
test-4465.png,XMC4
test-4466.png,6BC9
test-4467.png,W4HW
test-4468.png,ZWHS
test-4469.png,GWRG
test-447.png,HBZ
test-4470.png,756P
test-4471.png,7DHH
test-4472.png,6HEH
test-4473.png,HDNH6
test-4474.png,36GC
test-4475.png,NW2Y
test-4476.png,A94C
test-4477.png,HJ5
test-4478.png,HH9V
test-4479.png,6HR5
test-448.png,ANMZ
test-4480.png,WHE5
test-4481.png,X68WS
test-4482.png,RDMA
test-4483.png,4WH6
test-4484.png,RNYHX
test-4485.png,HBG5H
test-4486.png,466K
test-4487.png,WHP5
test-4488.png,HHMW5
test-4489.png,N5B
test-449.png,3HB
test-4490.png,4GBEG
test-4491.png,W5HY
test-4492.png,MW3H
test-4493.png,HWHW
test-4494.png,HWP9X
test-4495.png,N3NK
test-4496.png,ZPMC
test-4497.png,8XGX
test-4498.png,NXWE
test-4499.png,73QW
test-45.png,4Z53
test-450.png,BWPZ
test-4500.png,RN55
test-4501.png,HME
test-4502.png,BNQ
test-4503.png,XHNB
test-4504.png,W33J
test-4505.png,3DMZ4
test-4506.png,SR6X
test-4507.png,UWZHD
test-4508.png,8W3K
test-4509.png,MWEV
test-451.png,DC3RX
test-4510.png,R2PE
test-4511.png,K3WZZ
test-4512.png,5N6Z
test-4513.png,Q6HJ
test-4514.png,KW53
test-4515.png,62H
test-4516.png,J5B6
test-4517.png,EBW5
test-4518.png,4WK
test-4519.png,XHNG
test-452.png,BSHA
test-4520.png,MDNZ
test-4521.png,WEU6
test-4522.png,MWHA
test-4523.png,H29C
test-4524.png,ZH5K
test-4525.png,BQRU
test-4526.png,R6GGZ
test-4527.png,WW5N4
test-4528.png,Z5A
test-4529.png,5WHM
test-453.png,6WRP
test-4530.png,XMB4
test-4531.png,A85HU
test-4532.png,BWBSZ
test-4533.png,NHRHC
test-4534.png,SBHA
test-4535.png,MMB5
test-4536.png,N2NC7
test-4537.png,SNBN
test-4538.png,7WA
test-4539.png,UVEH
test-454.png,SWMVN
test-4540.png,UWSD
test-4541.png,456U
test-4542.png,3W3
test-4543.png,WBWRN
test-4544.png,R8G9
test-4545.png,N5SP
test-4546.png,UFBU
test-4547.png,66WU
test-4548.png,AD5C
test-4549.png,VWWG
test-455.png,9RW5
test-4550.png,WRQ53
test-4551.png,XZGWS
test-4552.png,PZ5C
test-4553.png,ERW6
test-4554.png,MPW9
test-4555.png,3S5N
test-4556.png,NPRRK
test-4557.png,5EHH
test-4558.png,RWBH
test-4559.png,WRHH
test-456.png,NRN8W
test-4560.png,45M
test-4561.png,Z5H
test-4562.png,CUEM
test-4563.png,GWRV
test-4564.png,M3ZU
test-4565.png,DGH
test-4566.png,PMWD5
test-4567.png,ZWNH5
test-4568.png,U2B
test-4569.png,NNMF
test-457.png,3HM2
test-4570.png,ANSS
test-4571.png,HWWHN
test-4572.png,M4CY
test-4573.png,HGCHY
test-4574.png,RHHH
test-4575.png,RWVT
test-4576.png,GKWG
test-4577.png,WWRN
test-4578.png,HWHHF
test-4579.png,SWHU
test-458.png,R3NHC
test-4580.png,WMN
test-4581.png,W
test-4582.png,23WS
test-4583.png,3BW
test-4584.png,CAZ
test-4585.png,4WGG
test-4586.png,H5H4
test-4587.png,NWBH
test-4588.png,6RWW
test-4589.png,V8WXH
test-459.png,9HBHH
test-4590.png,RBG6
test-4591.png,6D5
test-4592.png,H88P
test-4593.png,MRW8H
test-4594.png,HWHH
test-4595.png,HVHNN
test-4596.png,RP5HD
test-4597.png,HGZM
test-4598.png,9H8W
test-4599.png,8WGX
test-46.png,WRNW
test-460.png,5S3T
test-4600.png,NHWUN
test-4601.png,WZPC
test-4602.png,NQN4
test-4603.png,E6H5
test-4604.png,K66G
test-4605.png,S2MZ
test-4606.png,5WW
test-4607.png,E2HH
test-4608.png,XS6EN
test-4609.png,WNNH
test-461.png,WW3J
test-4610.png,RBP53
test-4611.png,RP6G
test-4612.png,BHW9
test-4613.png,HPHE
test-4614.png,BX55
test-4615.png,RN3
test-4616.png,JNN
test-4617.png,WEWPX
test-4618.png,ZWW
test-4619.png,GBRP
test-462.png,5RP5
test-4620.png,WWHJ
test-4621.png,7WW6
test-4622.png,WSWP9
test-4623.png,3RNK
test-4624.png,362B
test-4625.png,8GWHZ
test-4626.png,RWP9
test-4627.png,ANNN
test-4628.png,HPNF
test-4629.png,6WMK
test-463.png,D55S
test-4630.png,7HRG
test-4631.png,SB8J
test-4632.png,NWHT
test-4633.png,8WPR
test-4634.png,NR22N
test-4635.png,MHW4
test-4636.png,HQR6
test-4637.png,BMWB
test-4638.png,W2B84
test-4639.png,SMUMW
test-464.png,HRDH5
test-4640.png,J6GGH
test-4641.png,65WZH
test-4642.png,GW5
test-4643.png,N2WK
test-4644.png,3SWC
test-4645.png,3HNG
test-4646.png,TW9
test-4647.png,KMDM
test-4648.png,BMHF
test-4649.png,NRU5
test-465.png,WGCHU
test-4650.png,H6E
test-4651.png,JNE9
test-4652.png,Z55R
test-4653.png,8BW
test-4654.png,MPHH
test-4655.png,WEPRH
test-4656.png,DZNB
test-4657.png,R5WW
test-4658.png,5PNEF
test-4659.png,W325T
test-466.png,WNWXZ
test-4660.png,RR62Z
test-4661.png,5RZ6
test-4662.png,UN5H
test-4663.png,ME5HZ
test-4664.png,MWHF
test-4665.png,KRH6H
test-4666.png,NNHJ
test-4667.png,B6BY
test-4668.png,AH2
test-4669.png,ZMHH
test-467.png,WWH
test-4670.png,CPWH
test-4671.png,5WWJ
test-4672.png,HNWHP
test-4673.png,C9WEU
test-4674.png,AHGS4
test-4675.png,HNRK
test-4676.png,N8RN
test-4677.png,4RWP9
test-4678.png,ZHPC
test-4679.png,S2N5
test-468.png,CEHH
test-4680.png,WRWH
test-4681.png,PGHT
test-4682.png,YWDHH
test-4683.png,W6NK
test-4684.png,JP5M
test-4685.png,HHGP
test-4686.png,ZWGS
test-4687.png,WP6Z
test-4688.png,2WNK
test-4689.png,BNHX
test-469.png,USW9
test-4690.png,URW6
test-4691.png,NBNU
test-4692.png,ZW53
test-4693.png,5WQ5V
test-4694.png,CM22
test-4695.png,HD7D
test-4696.png,NGWX
test-4697.png,NREC
test-4698.png,HRH5
test-4699.png,MW3V
test-47.png,CNGC
test-470.png,W5EF
test-4700.png,N6GCX
test-4701.png,8B2EZ
test-4702.png,HQPM
test-4703.png,MP5
test-4704.png,5NW5
test-4705.png,DU5Z
test-4706.png,3WWE
test-4707.png,6HRC
test-4708.png,HCWW
test-4709.png,HH3N
test-471.png,MG6H
test-4710.png,ZNWWK
test-4711.png,Q82F
test-4712.png,H55A
test-4713.png,535W
test-4714.png,75HN
test-4715.png,MP55P
test-4716.png,WWRP
test-4717.png,5HWW
test-4718.png,UENMW
test-4719.png,6PW
test-472.png,6SWH
test-4720.png,AR9S4
test-4721.png,WWU3
test-4722.png,QSH65
test-4723.png,GN85
test-4724.png,HZWG
test-4725.png,4W5Z
test-4726.png,SGN7
test-4727.png,ERDU
test-4728.png,WN77
test-4729.png,8WP7
test-473.png,RDN8H
test-4730.png,MNDH
test-4731.png,J5ZY
test-4732.png,HHPSJ
test-4733.png,H3A
test-4734.png,4BDGN
test-4735.png,WDHA
test-4736.png,RBE
test-4737.png,BB3C
test-4738.png,MWEU
test-4739.png,PND3
test-474.png,BBN3
test-4740.png,J7WG
test-4741.png,HZRZ
test-4742.png,UG3WN
test-4743.png,RNWRWK
test-4744.png,6WRG
test-4745.png,5MH63
test-4746.png,XNQP
test-4747.png,6CP9
test-4748.png,HHHH
test-4749.png,BW5K
test-475.png,MHT
test-4750.png,ZBG9
test-4751.png,WWH9
test-4752.png,B2MHJ
test-4753.png,ASGN2
test-4754.png,HMHH
test-4755.png,WBRN9
test-4756.png,5MWS
test-4757.png,FW8N
test-4758.png,NRN5
test-4759.png,5QW7
test-476.png,9WU5
test-4760.png,GWWQ
test-4761.png,7MWH
test-4762.png,GWNH5
test-4763.png,N2JA
test-4764.png,Y52F
test-4765.png,7SWX
test-4766.png,GREWX
test-4767.png,EB3
test-4768.png,MZ2HU
test-4769.png,65J
test-477.png,HWN
test-4770.png,USKG
test-4771.png,5559
test-4772.png,ZWHF
test-4773.png,4PR
test-4774.png,DSNB
test-4775.png,W5BEH
test-4776.png,VW2NF
test-4777.png,4NDH
test-4778.png,6HWZ
test-4779.png,DUHK
test-478.png,ZCHJ
test-4780.png,V5GY
test-4781.png,BCM7
test-4782.png,9HC
test-4783.png,BGV
test-4784.png,HHZG
test-4785.png,NQHT
test-4786.png,WWG9
test-4787.png,93SW
test-4788.png,WHFMF
test-4789.png,BBNC
test-479.png,FNMNQ
test-4790.png,CWHHF
test-4791.png,KPN3
test-4792.png,ZNWZ
test-4793.png,SWNW
test-4794.png,NH5X
test-4795.png,7WZMB
test-4796.png,PNNK
test-4797.png,4NWC
test-4798.png,GWRK
test-4799.png,QHRDH
test-48.png,WDHW
test-480.png,HVHP5
test-4800.png,GS5
test-4801.png,XWWC
test-4802.png,HW34
test-4803.png,9NNPH
test-4804.png,WWN6
test-4805.png,S23F
test-4806.png,JHBM
test-4807.png,NBH
test-4808.png,5RWG5
test-4809.png,HHYFT
test-481.png,HHBRN
test-4810.png,ARWD
test-4811.png,GRDB
test-4812.png,BCRHH
test-4813.png,VHNKN
test-4814.png,Z8MH
test-4815.png,HWWJ
test-4816.png,5WBA
test-4817.png,MKM3
test-4818.png,4WZW6
test-4819.png,6RZN
test-482.png,5DEBY
test-4820.png,N5WE
test-4821.png,Z6KZ
test-4822.png,5HW5
test-4823.png,EWHN
test-4824.png,6SWD
test-4825.png,ZPGT
test-4826.png,WRWG
test-4827.png,RNNF
test-4828.png,WN2J
test-4829.png,HMWB
test-483.png,UMWH
test-4830.png,AHW
test-4831.png,8HUH
test-4832.png,V8ED5
test-4833.png,5HWW
test-4834.png,QJ3V
test-4835.png,WMMG
test-4836.png,H5594
test-4837.png,FB8J
test-4838.png,PNZA
test-4839.png,K9RB
test-484.png,WBZB
test-4840.png,2WNHH
test-4841.png,DQEG
test-4842.png,Z5PMX
test-4843.png,AW6R
test-4844.png,SWN9
test-4845.png,HWG3
test-4846.png,5RPP
test-4847.png,6WDR
test-4848.png,UNPD
test-4849.png,KN55A
test-485.png,HEHMH
test-4850.png,NNWG
test-4851.png,65HG
test-4852.png,WQHF
test-4853.png,UHNHN
test-4854.png,RWC4
test-4855.png,WNWHB
test-4856.png,PWHJ
test-4857.png,PMWC
test-4858.png,C62CA
test-4859.png,NEHK
test-486.png,2BWZ
test-4860.png,68M6
test-4861.png,NDDZ
test-4862.png,W5MH9
test-4863.png,UWW94
test-4864.png,RXUM
test-4865.png,8NHHD
test-4866.png,NW5
test-4867.png,5QHB5
test-4868.png,RPHG
test-4869.png,PGGGJ
test-487.png,2BUR
test-4870.png,H6HH
test-4871.png,6554
test-4872.png,5QNH
test-4873.png,HWEB
test-4874.png,M5HZT
test-4875.png,YHRWN
test-4876.png,KDEB
test-4877.png,9PSH
test-4878.png,ENMW6
test-4879.png,WMH9
test-488.png,UR56
test-4880.png,XBW5X
test-4881.png,V6W5
test-4882.png,W5WM
test-4883.png,9B3C
test-4884.png,HWEY
test-4885.png,4KSZ
test-4886.png,N58B
test-4887.png,RRHE
test-4888.png,CNN9
test-4889.png,HWM
test-489.png,RW3
test-4890.png,RHWG
test-4891.png,WGC4
test-4892.png,MS26
test-4893.png,EEH6
test-4894.png,DZET
test-4895.png,RDH
test-4896.png,H6W67
test-4897.png,WPBE8
test-4898.png,NPHK
test-4899.png,35WHU
test-49.png,YH59
test-490.png,WG25
test-4900.png,MNB3
test-4901.png,6WWH
test-4902.png,5QH6
test-4903.png,GWH
test-4904.png,HWC6
test-4905.png,RH
test-4906.png,WSW5
test-4907.png,5RB3Y
test-4908.png,5NW
test-4909.png,NWH5
test-491.png,K6WN
test-4910.png,SDRPM
test-4911.png,UMCH
test-4912.png,NNBX
test-4913.png,SGKN
test-4914.png,TWHJ
test-4915.png,5RWA
test-4916.png,5SR5
test-4917.png,PEEE
test-4918.png,66PU
test-4919.png,5WR
test-492.png,HWPB
test-4920.png,GNHH
test-4921.png,955
test-4922.png,SHWX
test-4923.png,JW8Q
test-4924.png,AWH
test-4925.png,EWW5
test-4926.png,CHDWF
test-4927.png,6BCH
test-4928.png,U5N
test-4929.png,QNW3
test-493.png,MH3N
test-4930.png,6HN9
test-4931.png,WD5E
test-4932.png,ZPBE
test-4933.png,WK57
test-4934.png,RNHTBH
test-4935.png,PGQEE
test-4936.png,RSHB
test-4937.png,MPHPDK
test-4938.png,3HM
test-4939.png,48BJ
test-494.png,4SW5
test-4940.png,XWBH
test-4941.png,BHWC
test-4942.png,5HMHV
test-4943.png,NWWX
test-4944.png,NHBX
test-4945.png,ZW9J
test-4946.png,SH
test-4947.png,PNUU
test-4948.png,QPW5K
test-4949.png,9SHJ
test-495.png,KMBP
test-4950.png,H5H6
test-4951.png,WGH4
test-4952.png,KBWH
test-4953.png,RBP
test-4954.png,X3W5
test-4955.png,XHWW
test-4956.png,XWH
test-4957.png,HPZHR
test-4958.png,NCNQ
test-4959.png,6CA3
test-496.png,759N
test-4960.png,4HMB
test-4961.png,JW5YU
test-4962.png,XKHDH
test-4963.png,MWZ7
test-4964.png,MMQH
test-4965.png,63WHU
test-4966.png,WB5
test-4967.png,ZHRH
test-4968.png,3W3K
test-4969.png,6WZG
test-497.png,456Y
test-4970.png,BR99
test-4971.png,XNHD
test-4972.png,KWG
test-4973.png,6GM
test-4974.png,GNNE
test-4975.png,GWHG
test-4976.png,WPHN
test-4977.png,KHRP
test-4978.png,WHBU
test-4979.png,BWS2Z
test-498.png,ZSH
test-4980.png,TBP
test-4981.png,Z2GBH
test-4982.png,WNB2
test-4983.png,HGH
test-4984.png,5R5H
test-4985.png,J3N
test-4986.png,WEP9
test-4987.png,3WHH
test-4988.png,UMA
test-4989.png,BBN3
test-499.png,DWGN
test-4990.png,HWW5
test-4991.png,HNWP7
test-4992.png,PRN9
test-4993.png,H82U3
test-4994.png,WH3
test-4995.png,RBEMF
test-4996.png,WWG3
test-4997.png,9NK
test-4998.png,9NHNR
test-4999.png,ZWH3
test-5.png,PMPK
test-50.png,8HE
test-500.png,SNWY
test-501.png,WH5H
test-502.png,Z3G3
test-503.png,NWHH
test-504.png,UNW
test-505.png,C5WE
test-506.png,XAMH
test-507.png,MHW9
test-508.png,H2WC
test-509.png,6PH
test-51.png,HPM
test-510.png,WN5C
test-511.png,DRHU
test-512.png,BDWG
test-513.png,H55H
test-514.png,HGEH
test-515.png,HHBK
test-516.png,7WH2
test-517.png,W2B
test-518.png,3JUD
test-519.png,H5H
test-52.png,CWWA
test-520.png,MMNA
test-521.png,N5NN
test-522.png,2RGD
test-523.png,6GHH
test-524.png,6N3A
test-525.png,WRH
test-526.png,7HF3A
test-527.png,MB5
test-528.png,9NUNZ
test-529.png,DH5HC
test-53.png,Y46G
test-530.png,PNC2
test-531.png,YHCH
test-532.png,5HA
test-533.png,5SEH
test-534.png,QGSW
test-535.png,JHWK7
test-536.png,7SHPZ
test-537.png,RNZ5
test-538.png,6W5V
test-539.png,AHH
test-54.png,JBWX
test-540.png,DW5
test-541.png,HWPM
test-542.png,3NQ5
test-543.png,HM5M
test-544.png,NW9D
test-545.png,WEE7
test-546.png,HR8Z
test-547.png,5N8H
test-548.png,HNHB9
test-549.png,2Q5
test-55.png,BNPZ
test-550.png,WNDEE
test-551.png,3MHX
test-552.png,WH5N
test-553.png,WW6Y
test-554.png,5GH3
test-555.png,NWR
test-556.png,9NM9X
test-557.png,WA95
test-558.png,6WD
test-559.png,29MK
test-56.png,9M52Z
test-560.png,NW54
test-561.png,NRNN
test-562.png,WB
test-563.png,3RB3
test-564.png,6WUN
test-565.png,8BH5F
test-566.png,TDHP
test-567.png,DQDC
test-568.png,PWH9
test-569.png,QEGK
test-57.png,MMBG3
test-570.png,SBDP
test-571.png,JP55
test-572.png,HRH3
test-573.png,CBPC
test-574.png,HRERK
test-575.png,KCHF
test-576.png,3BRS
test-577.png,AWH5
test-578.png,QWN
test-579.png,SGNB
test-58.png,HP57
test-580.png,6WWHF
test-581.png,98P9
test-582.png,NRGG
test-583.png,A2HY
test-584.png,3WUE
test-585.png,R35G
test-586.png,GDHD
test-587.png,WN8U
test-588.png,WW6
test-589.png,225G
test-59.png,BHND
test-590.png,4WSDH
test-591.png,WPRD
test-592.png,8WDV
test-593.png,7NUB
test-594.png,6BH5
test-595.png,HSC5
test-596.png,GWN3
test-597.png,MN
test-598.png,KH5H
test-599.png,MWWZ
test-6.png,UDRW
test-60.png,WH6QK
test-600.png,S8HQ
test-601.png,ZPH4
test-602.png,HDGZF
test-603.png,NW5JJ
test-604.png,NRN5
test-605.png,H5UBW
test-606.png,RWHB
test-607.png,RD5G
test-608.png,J6ZE
test-609.png,FHG3
test-61.png,6NWH
test-610.png,H59J
test-611.png,NMW9X
test-612.png,DWH
test-613.png,W3BA
test-614.png,MMZN
test-615.png,AW5H
test-616.png,EFHM
test-617.png,TBMK
test-618.png,U52
test-619.png,YZRHF
test-62.png,P8WHF
test-620.png,9W9Z
test-621.png,9WHR
test-622.png,WNW3
test-623.png,H35S6X
test-624.png,MR6G
test-625.png,QGHF
test-626.png,BHWG
test-627.png,3BEU
test-628.png,2ZWHG
test-629.png,6MNA
test-63.png,WRZ34
test-630.png,MPWR
test-631.png,R2N
test-632.png,G9EZ
test-633.png,2DU
test-634.png,NERH
test-635.png,BZWP
test-636.png,W3WA
test-637.png,ASNW
test-638.png,PW8B
test-639.png,BPPF
test-64.png,3W95
test-640.png,X9MHF
test-641.png,WE2Z
test-642.png,NW5A
test-643.png,HZGG
test-644.png,3WHH
test-645.png,QDG33
test-646.png,ZBH5
test-647.png,UH6F
test-648.png,JW5
test-649.png,UHDH6
test-65.png,R555J
test-650.png,6NZ5
test-651.png,4WR5
test-652.png,WHPC
test-653.png,V9NH
test-654.png,XWWW
test-655.png,PWJG
test-656.png,HR8G
test-657.png,QNG4
test-658.png,4HD
test-659.png,HWH
test-66.png,B6HN
test-660.png,NCWB
test-661.png,RWNX
test-662.png,HW62
test-663.png,NWS7
test-664.png,GWHC
test-665.png,HW6Q
test-666.png,HH6G
test-667.png,3UGD
test-668.png,WNHRN
test-669.png,6SPWK
test-67.png,9PH3
test-670.png,HBC9H
test-671.png,R6MH
test-672.png,NA5V
test-673.png,UUW4
test-674.png,2PE5F
test-675.png,8B54
test-676.png,W2DN
test-677.png,HHWRN
test-678.png,PS5P
test-679.png,WBPP
test-68.png,MB5
test-680.png,WS2T
test-681.png,GWN9J
test-682.png,UZK9
test-683.png,2NWZ
test-684.png,WGWX
test-685.png,2WHA
test-686.png,W655Z
test-687.png,8PH
test-688.png,35ZJ
test-689.png,WGCX
test-69.png,8M5D
test-690.png,4WWZ
test-691.png,JZ6B
test-692.png,WGC2
test-693.png,MZ54
test-694.png,DHN33
test-695.png,QWHNR
test-696.png,FG8N
test-697.png,R5W
test-698.png,ZSBG
test-699.png,W2C7
test-7.png,2HRH
test-70.png,4NMN
test-700.png,HPNE
test-701.png,PHH5
test-702.png,ZSHQ
test-703.png,4WRHC
test-704.png,G5HZ
test-705.png,9WEBY
test-706.png,2WBV
test-707.png,9GE4
test-708.png,3PMR
test-709.png,RW69
test-71.png,SNH
test-710.png,3W56
test-711.png,888HU
test-712.png,RBSC
test-713.png,WQPWN
test-714.png,ANWK
test-715.png,HRNK
test-716.png,M5BH
test-717.png,HHNG3
test-718.png,RWMNK
test-719.png,DMWC9
test-72.png,6BSX
test-720.png,WWDHY
test-721.png,T355A
test-722.png,368WX
test-723.png,H2WED
test-724.png,CW
test-725.png,ZNR3H
test-726.png,2Q55
test-727.png,WWD9
test-728.png,XWVH
test-729.png,BRH
test-73.png,WCNW
test-730.png,N36Z
test-731.png,5EBK
test-732.png,6H6T
test-733.png,2HNCG
test-734.png,NHRW
test-735.png,6UM
test-736.png,3SGZ
test-737.png,RGGX
test-738.png,UQU5
test-739.png,HH9
test-74.png,MSH2
test-740.png,ZD5P
test-741.png,4NQSH
test-742.png,HNH4
test-743.png,WQHM
test-744.png,GH6GH
test-745.png,UMBN
test-746.png,EHN
test-747.png,HBP
test-748.png,9ZHJ
test-749.png,PSMWN
test-75.png,AWM5C
test-750.png,U555C
test-751.png,NH37
test-752.png,HHKDEZ
test-753.png,DWB5
test-754.png,WW6
test-755.png,UWEW
test-756.png,J68R
test-757.png,6HEC
test-758.png,6N
test-759.png,CTMB
test-76.png,4H5W
test-760.png,HN4T
test-761.png,MHDH
test-762.png,9WEQ
test-763.png,MW
test-764.png,3959
test-765.png,RWHC
test-766.png,8ENPH
test-767.png,NWHEZ
test-768.png,HWNN
test-769.png,WMRP
test-77.png,2W6C
test-770.png,ZHRH
test-771.png,WB6C
test-772.png,SREKC
test-773.png,2RBCU
test-774.png,U886
test-775.png,MBWC
test-776.png,CSWA
test-777.png,6PHA
test-778.png,VAWK
test-779.png,HHNH
test-78.png,9WW3
test-780.png,MGWBB
test-781.png,RH527
test-782.png,3GS5P
test-783.png,XB53
test-784.png,6WNH
test-785.png,G3HD
test-786.png,7GM
test-787.png,AH6Z
test-788.png,WRMGG
test-789.png,U6H
test-79.png,PNWH
test-790.png,4RZC
test-791.png,3NHC
test-792.png,GNRB
test-793.png,RQ3
test-794.png,WHSC
test-795.png,PMT
test-796.png,RPHNN
test-797.png,NPH5H
test-798.png,WS65G
test-799.png,JWBG6
test-8.png,HSG3
test-80.png,RZM7
test-800.png,CW6
test-801.png,SSW3
test-802.png,WQF
test-803.png,HWRF
test-804.png,HH5K
test-805.png,EP5WK
test-806.png,P86F
test-807.png,BRWX
test-808.png,W6WH
test-809.png,5NHMN
test-81.png,GCBG
test-810.png,ZW53
test-811.png,WGHT
test-812.png,R3WQ
test-813.png,65HB
test-814.png,UBBD
test-815.png,UHPH
test-816.png,4HKY
test-817.png,H8MK
test-818.png,RW5W6
test-819.png,25DC
test-82.png,WDH6
test-820.png,VQW22
test-821.png,HBWW
test-822.png,3PNY
test-823.png,5B5HF
test-824.png,HGH5
test-825.png,4T2K
test-826.png,Z9WH
test-827.png,NENS
test-828.png,3WBHZ
test-829.png,HN5H
test-83.png,5MDQ
test-830.png,SHPH
test-831.png,N35H
test-832.png,HH5V
test-833.png,4569
test-834.png,DWBU
test-835.png,NNHW
test-836.png,HWHH
test-837.png,ZNH7
test-838.png,6W2K
test-839.png,3RNN
test-84.png,HWH9
test-840.png,3BEB
test-841.png,VWPF
test-842.png,MNM5
test-843.png,BNBH
test-844.png,PHNH
test-845.png,2N89
test-846.png,MNRDU
test-847.png,MWG
test-848.png,HWH9
test-849.png,MW5Z
test-85.png,2WB2
test-850.png,W2NPU
test-851.png,9P9
test-852.png,QH2G
test-853.png,N2NG
test-854.png,XRNM
test-855.png,W3VF6
test-856.png,8WM
test-857.png,WWMH
test-858.png,6QWNC
test-859.png,EW3K
test-86.png,SH5N
test-860.png,NNUB
test-861.png,HW6
test-862.png,NRNM
test-863.png,6EP3
test-864.png,2WNN
test-865.png,WRN7
test-866.png,D5SH
test-867.png,5W5
test-868.png,3DH6
test-869.png,SR5
test-87.png,G3BWV
test-870.png,EHWBK
test-871.png,DNRG
test-872.png,6MVEH
test-873.png,ZNRH
test-874.png,RNRWU
test-875.png,ZNK
test-876.png,W2GH
test-877.png,EX5N
test-878.png,CDHJ
test-879.png,JMPN
test-88.png,RBN
test-880.png,VZN2N
test-881.png,4BGWH
test-882.png,2WHT
test-883.png,YNWNY
test-884.png,HPBN
test-885.png,5WNN
test-886.png,HPN7
test-887.png,D9SEF
test-888.png,2N33
test-889.png,RZGH
test-89.png,DB2H
test-890.png,HKHZD
test-891.png,NHWZ
test-892.png,MURC
test-893.png,WE5N
test-894.png,95PJ
test-895.png,UNWH5
test-896.png,6W56
test-897.png,H559
test-898.png,S2NF
test-899.png,9WNZG
test-9.png,BZ83
test-90.png,DHBC
test-900.png,EDWA7
test-901.png,WNH
test-902.png,RHSH
test-903.png,DEG4
test-904.png,NMH3
test-905.png,WW97
test-906.png,DPU
test-907.png,HEBH
test-908.png,GDEU
test-909.png,6W57
test-91.png,KAN54
test-910.png,5EWCA
test-911.png,6NW3B
test-912.png,4WEH3
test-913.png,UZ2C
test-914.png,SPC
test-915.png,HBWG
test-916.png,DQWZN
test-917.png,KZ5Z
test-918.png,N66R
test-919.png,65HT
test-92.png,HWBV
test-920.png,HWPHE
test-921.png,UNWHZ
test-922.png,NNWEX
test-923.png,5HB7
test-924.png,G5EX
test-925.png,PWPP
test-926.png,RN94
test-927.png,N3C
test-928.png,HBP5
test-929.png,4W5W
test-93.png,H8E64
test-930.png,6HNW5
test-931.png,DWZ
test-932.png,NH5X
test-933.png,MSWA
test-934.png,2BWN
test-935.png,BJU3
test-936.png,9WN
test-937.png,WNWM
test-938.png,MMW8K
test-939.png,NWBE
test-94.png,NW65
test-940.png,UNU
test-941.png,D45E
test-942.png,HWPV
test-943.png,GKHA
test-944.png,4N5F
test-945.png,2UM
test-946.png,UZE7
test-947.png,NUH
test-948.png,WPBH
test-949.png,KNWC
test-95.png,B8C2
test-950.png,5NW23
test-951.png,23G
test-952.png,6BXJJ
test-953.png,NWBMN
test-954.png,W3F
test-955.png,RHEC
test-956.png,594
test-957.png,WWEG
test-958.png,CNH6
test-959.png,QNCN
test-96.png,3HUHN
test-960.png,TGWB
test-961.png,M9RHU
test-962.png,G5BEF
test-963.png,6XSB
test-964.png,GWNY
test-965.png,4W3N
test-966.png,SMK
test-967.png,AW6
test-968.png,2NR
test-969.png,HWQD
test-97.png,PSWA
test-970.png,Q5254
test-971.png,HWRH
test-972.png,HZ55
test-973.png,XR6K
test-974.png,ASZ29
test-975.png,HWBEBP
test-976.png,HUPCW
test-977.png,GWBE
test-978.png,HP
test-979.png,UWRA
test-98.png,HW
test-980.png,NZN3J
test-981.png,ENGH
test-982.png,GWGH
test-983.png,EBH5
test-984.png,AW86B
test-985.png,BHN
test-986.png,8DH
test-987.png,8PJ
test-988.png,HMGQ
test-989.png,MW26
test-99.png,6SWH
test-990.png,ZHWD
test-991.png,6RHWJ
test-992.png,RMUWH
test-993.png,PRPNH
test-994.png,HGEG
test-995.png,RGZY
test-996.png,6NWD
test-997.png,9P3Q7
test-998.png,KAB5
test-999.png,QQR5
